99.0,9.233902931213379,-2.17627215385437,-9.507282257080078,1.8325769901275635
200.0,13.71625804901123,-0.4534398913383484,-8.484949111938477,1.8325769901275635
300.0,11.357532501220703,-0.4534398913383484,-8.014759063720703,1.8325769901275635
402.0,8.163114547729492,-0.5156532526016235,-7.994420528411865,1.8325769901275635
503.0,5.4520463943481445,0.4504488706588745,-9.442676544189453,1.8325769901275635
603.0,8.968897819519043,-0.5030909776687622,-6.917052268981934,1.8325769901275635
703.0,12.697513580322266,-2.0303099155426025,-3.411566972732544,1.8325769901275635
804.0,11.94736385345459,-0.3930211067199707,-4.444668292999268,1.7824373245239258
901.0,9.835099220275879,0.9906286001205444,9.066405296325684,1.7824373245239258
999.0,6.067001819610596,-2.5920250415802,3.4139597415924072,1.7824373245239258
1097.0,9.319445610046387,-2.286940336227417,-0.7250252366065979,1.7824373245239258
1195.0,15.106487274169922,-0.9882357716560364,4.5200419425964355,1.7824373245239258
1296.0,13.967503547668457,-2.1134605407714844,1.622931957244873,1.7824373245239258
1394.0,6.964310169219971,-1.7443677186965942,0.857228696346283,1.7824373245239258
1495.0,5.854638576507568,0.09870393574237823,-1.428515076637268,1.7824373245239258
1593.0,9.274580955505371,-1.963310956954956,0.40797626972198486,1.7824373245239258
1692.0,12.211172103881836,-2.0344974994659424,6.721438884735107,1.7824373245239258
1793.0,11.400603294372559,-0.5712863802909851,2.609971284866333,1.7631900310516357
1893.0,4.850849628448486,0.11126625537872314,0.36610186100006104,1.7631900310516357
1995.0,8.126026153564453,-1.5134602785110474,-0.7836494445800781,1.7631900310516357
2096.0,9.848259925842285,-5.7619171142578125,0.8859425783157349,1.7631900310516357
2195.0,13.326227188110352,-3.379862070083618,3.0239295959472656,1.7631900310516357
2296.0,13.110873222351074,-2.204986095428467,-0.3397808074951172,1.7631900310516357
2396.0,4.318446636199951,-1.1282159090042114,0.06340979784727097,1.7398825883865356
2498.0,7.121040344238281,-0.5670989751815796,-1.7527425289154053,1.7398825883865356
2599.0,12.18245792388916,3.2267212867736816,1.0959128141403198,1.7398825883865356
2700.0,11.044671058654785,-1.557727575302124,2.6422743797302246,1.7398825883865356
2798.0,12.611969947814941,-0.7663014531135559,1.852044701576233,1.7594908475875854
2896.0,5.196014404296875,0.008374879136681557,-0.2679961323738098,1.7594908475875854
2996.0,7.940581798553467,-1.7976080179214478,-1.6019947528839111,1.7594908475875854
3094.0,10.352546691894531,-4.24785852432251,-0.6652047038078308,1.7594908475875854
3193.0,13.413565635681152,-2.8073792457580566,0.771087110042572,1.7594908475875854
3292.0,14.172688484191895,-1.4033905267715454,0.31764721870422363,1.7594908475875854
3394.0,4.701896667480469,-0.8871390223503113,-0.24227328598499298,1.7594908475875854
3493.0,7.533204078674316,0.10049854964017868,-1.662413477897644,1.7738343477249146
3591.0,9.942177772521973,1.074377417564392,2.2432711124420166,1.7738343477249146
3692.0,12.734601974487305,-1.0235298871994019,4.463810443878174,1.7738343477249146
3792.0,11.493325233459473,-0.4450650215148926,2.035693883895874,1.7908304929733276
3890.0,5.372485160827637,0.4307080805301666,0.5162515044212341,1.7908304929733276
3989.0,7.856832981109619,-2.23848557472229,-1.0019944906234741,1.7908304929733276
4090.0,9.876375198364258,-3.580260992050171,-0.7627122402191162,1.7908304929733276
4190.0,12.795619010925293,-0.8333004713058472,3.11246395111084,1.7908304929733276
4290.0,12.896716117858887,-1.5290136337280273,1.9579271078109741,1.7908304929733276
4390.0,5.349154949188232,-1.4141582250595093,0.5401797294616699,1.7792993783950806
4489.0,7.306483745574951,0.2476571500301361,-0.5491527915000916,1.7792993783950806
4590.0,10.055837631225586,1.0372886657714844,2.5363919734954834,1.7792993783950806
4690.0,13.434502601623535,-1.8047864437103271,7.468597888946533,1.7792993783950806
4789.0,11.342577934265137,0.8530412912368774,2.23848557472229,1.7472800016403198
4887.0,5.194818019866943,0.2793620526790619,0.6975077986717224,1.7472800016403198
4987.0,7.675576686859131,-2.406581401824951,-1.236491084098816,1.7472800016403198
5088.0,8.70209789276123,-2.960519790649414,-1.275374412536621,1.7472800016403198
5190.0,14.598012924194336,-3.2338998317718506,3.0442686080932617,1.7472800016403198
5289.0,13.897514343261719,-0.8033902049064636,0.049651071429252625,1.7472800016403198
5390.0,3.6442689895629883,-1.454237937927246,-0.5904290080070496,1.7472800016403198
5489.0,7.792226791381836,0.39601215720176697,-1.490728497505188,1.7472800016403198
5587.0,10.623534202575684,0.6711867451667786,0.5826523303985596,1.7472800016403198
5688.0,14.398212432861328,-1.0055837631225586,4.779065132141113,1.7472800016403198
5787.0,11.872588157653809,-0.8877372145652771,0.851844847202301,1.7580128908157349
5885.0,4.23230504989624,0.9684949517250061,-0.2841476798057556,1.7580128908157349
5985.0,8.046463966369629,-2.0093727111816406,-2.1655044555664062,1.7518596649169922
6086.0,11.064412117004395,-5.78345251083374,-1.721037745475769,1.7518596649169922
6184.0,14.507085800170898,-3.0000014305114746,5.652445316314697,1.7518596649169922
6282.0,12.535399436950684,-1.0037890672683716,-0.6370890140533447,1.7518596649169922
6384.0,3.248854875564575,-1.0097711086273193,-0.5324030518531799,1.7518596649169922
6484.0,8.605786323547363,0.32542386651039124,-2.218146562576294,1.7410058975219727
6584.0,16.474584579467773,2.661417007446289,-3.0903303623199463,1.7410058975219727
6683.0,11.797812461853027,0.1698904037475586,3.297907829284668,1.7410058975219727
6785.0,12.230913162231445,-1.568495273590088,2.691925525665283,1.7645108699798584
6883.0,4.186243057250977,0.22193430364131927,0.3517449200153351,1.7645108699798584
6982.0,7.792226791381836,-1.797009825706482,-1.435693621635437,1.7645108699798584
7080.0,13.706088066101074,-4.127020835876465,-5.434698581695557,1.7645108699798584
7179.0,12.854243278503418,-3.1310083866119385,4.4751763343811035,1.7645108699798584
7277.0,9.964311599731445,-1.0085747241973877,1.038485050201416,1.7645108699798584
7377.0,3.5509488582611084,-0.8111668825149536,-0.7471588850021362,1.7864121198654175
7476.0,8.6243314743042,-0.8087740540504456,-0.8087740540504456,1.7864121198654175
7574.0,15.212967872619629,-0.3900300860404968,0.12203395366668701,1.7864121198654175
7673.0,9.680164337158203,0.267397940158844,3.0113673210144043,1.7864121198654175
7771.0,8.655437469482422,-0.4654040038585663,0.50129634141922,1.7864121198654175
7872.0,5.675775527954102,-1.7467604875564575,-0.3756731450557709,1.7692878246307373
7972.0,6.671189308166504,-0.4989035129547119,-1.5930216312408447,1.7670116424560547
8073.0,14.196617126464844,0.4019941985607147,-0.11306086927652359,1.7670116424560547
8171.0,12.370893478393555,-2.328216314315796,3.4965121746063232,1.7670116424560547
8271.0,7.574480056762695,-0.7172485589981079,0.3332005441188812,1.7670116424560547
8370.0,6.197410583496094,0.14835500717163086,-0.8189435601234436,1.76938796043396
8471.0,9.57787036895752,-0.4127618968486786,0.8697910308837891,1.76938796043396
8569.0,14.961721420288086,-0.6526423692703247,7.590631484985352,1.76938796043396
8670.0,10.479366302490234,-0.973878800868988,1.5146567821502686,1.76938796043396
8770.0,4.211368083953857,1.062413215637207,0.6777670383453369,1.76938796043396
8869.0,7.999804496765137,-2.424527645111084,-0.8997012972831726,1.6179403066635132
8969.0,9.983454704284668,-5.134997367858887,-0.893121063709259,1.7336952686309814
9070.0,14.79123306274414,-2.2193429470062256,5.415555953979492,1.7336952686309814
9168.0,13.595419883728027,-1.2460623979568481,0.05024927482008934,1.7336952686309814
9270.0,2.7589244842529297,-1.2987045049667358,-0.12203395366668701,1.7336952686309814
9370.0,8.37129020690918,0.3840480446815491,-1.9567307233810425,1.811850905418396
9469.0,14.34736442565918,2.3365912437438965,-1.602592945098877,1.811850905418396
9567.0,13.86102294921875,0.27337998151779175,2.3461625576019287,1.811850905418396
9666.0,13.438690185546875,-0.5557330846786499,2.3676979541778564,1.811850905418396
9764.0,3.005385160446167,0.42412781715393066,0.372682124376297,1.811850905418396
9863.0,8.297710418701172,-1.475175142288208,-0.6831508874893188,1.808100938796997
9961.0,13.637892723083496,-4.976472854614258,-5.6793646812438965,1.808100938796997
10059.0,15.102898597717285,-4.030111312866211,9.735796928405762,1.808100938796997
10159.0,9.112466812133789,-0.7214360237121582,-2.775076150894165,1.808100938796997
10260.0,2.3030917644500732,0.0687936544418335,-4.388436794281006,1.8007171154022217
10363.0,7.7832536697387695,0.1621137410402298,-4.132404804229736,1.8007171154022217
10461.0,12.437294006347656,-0.4504488706588745,-3.053839921951294,1.8007171154022217
10560.0,10.97468090057373,0.3194418251514435,3.468994617462158,1.8007171154022217
10659.0,8.042875289916992,-0.5198407173156738,1.0103694200515747,1.8007171154022217
10759.0,5.527420520782471,-2.0333011150360107,-0.5862415432929993,1.8007171154022217
10859.0,7.384250640869141,0.3044866919517517,-3.2165517807006836,1.88788902759552
10959.0,12.645469665527344,-0.5682953596115112,6.355935096740723,1.88788902759552
11060.0,13.538590431213379,-1.1623135805130005,2.0267207622528076,1.88788902759552
11158.0,3.2991042137145996,-1.212562918663025,0.13938191533088684,1.88788902759552
11261.0,7.1024956703186035,0.02512463741004467,-1.5314065217971802,1.8811390399932861
11360.0,12.832109451293945,1.6145570278167725,-0.18963119387626648,1.8811390399932861
11458.0,16.28794288635254,-0.355932354927063,7.1850481033325195,1.8811390399932861
11556.0,11.040483474731445,-1.0103694200515747,0.8961120843887329,1.8811390399932861
11655.0,2.8731818199157715,0.9475577473640442,0.16331014037132263,1.8811390399932861
11754.0,8.595617294311523,-2.138585329055786,-2.1332013607025146,1.8811390399932861
11853.0,12.250055313110352,-6.413960933685303,-4.291527271270752,1.6590471267700195
11954.0,15.732211112976074,-1.709073543548584,1.984248161315918,1.6590471267700195
12055.0,11.219944953918457,-2.9449665546417236,0.059820566326379776,1.6590471267700195
12153.0,2.6709883213043213,-0.21714866161346436,-0.35832518339157104,1.6590471267700195
12254.0,8.423334121704102,-0.6406782865524292,-0.576670229434967,1.7882561683654785
12354.0,14.762518882751465,1.6055840253829956,-1.7880367040634155,1.7882561683654785
12455.0,13.024133682250977,0.9876375198364258,3.0173492431640625,1.7882561683654785
12555.0,8.620741844177246,-0.26620152592658997,1.4859428405761719,1.7882561683654785
12654.0,4.890331268310547,-1.552343726158142,0.4468596279621124,1.7882561683654785
12756.0,8.915657043457031,-1.8891334533691406,-1.4626128673553467,1.842968225479126
12854.0,13.572688102722168,1.2765709161758423,4.1629133224487305,1.842968225479126
12955.0,12.07059383392334,-1.368694543838501,3.7669010162353516,1.842968225479126
13053.0,5.384449005126953,-0.9284151792526245,0.35054850578308105,1.842968225479126
13151.0,6.4510498046875,0.39122650027275085,-0.7232306599617004,1.842968225479126
13250.0,8.701499938964844,-1.2382856607437134,2.8654050827026367,1.9340418577194214
13349.0,11.324631690979004,0.4426721930503845,9.881759643554688,1.9340418577194214
13448.0,9.378668785095215,-1.0671988725662231,1.781456470489502,1.9340418577194214
13546.0,4.085146427154541,0.34277185797691345,0.8099704384803772,1.9340418577194214
13647.0,8.25105094909668,-1.7976080179214478,-1.5242279767990112,1.9340418577194214
13747.0,11.132607460021973,-5.3108696937561035,-1.7186448574066162,1.9380966424942017
13846.0,17.23729705810547,-3.33858585357666,5.343770980834961,1.9380966424942017
13944.0,12.90927791595459,-1.4225330352783203,-1.3555340766906738,1.9380966424942017
14045.0,1.4075778722763062,-1.0600204467773438,-0.6867401003837585,1.9380966424942017
14143.0,8.572885513305664,0.4588237404823303,-2.2671995162963867,1.9217188358306885
14241.0,15.089737892150879,2.7517459392547607,-3.6640095710754395,1.9217188358306885
14340.0,12.141181945800781,-0.09511470049619675,1.2801600694656372,1.9217188358306885
14441.0,11.443076133728027,0.5030909776687622,1.8233308792114258,1.9217188358306885
14539.0,3.9158542156219482,-1.2035897970199585,0.12801600992679596,1.9217188358306885
14637.0,7.734200954437256,-1.058824062347412,-0.5593222975730896,1.93463134765625
14735.0,14.253446578979492,-3.0143582820892334,-0.9326026439666748,1.93463134765625
14833.0,11.34676456451416,-0.7280163168907166,5.281557559967041,1.7414172887802124
14933.0,7.987840175628662,-2.300100803375244,0.32961133122444153,1.7414172887802124
15031.0,5.296513080596924,-0.07238288223743439,-0.20518454909324646,1.7414172887802124
15132.0,8.46580696105957,-1.4195420742034912,-0.9888339638710022,1.8348956108093262
15230.0,12.416357040405273,-2.1655044555664062,2.3988046646118164,1.8348956108093262
15328.0,10.211370468139648,-1.6109678745269775,3.235694408416748,1.8348956108093262
15427.0,7.237092018127441,0.42412781715393066,0.7986045479774475,1.8348956108093262
15528.0,5.914459228515625,-1.8418751955032349,-0.12502498924732208,1.8348956108093262
15626.0,8.2695951461792,-0.46061834692955017,-2.2163519859313965,1.879442811012268
15724.0,14.668601036071777,0.3565305769443512,7.143173694610596,1.879442811012268
15824.0,12.947563171386719,-2.310270309448242,2.0201404094696045,1.8823679685592651
15922.0,4.509274482727051,-1.0564311742782593,0.2309073805809021,1.8823679685592651
16020.0,6.492924213409424,-0.6933203339576721,-1.4213366508483887,1.8823679685592651
16118.0,11.531610488891602,0.5659025311470032,0.7651050686836243,1.8654073476791382
16216.0,14.033905029296875,-2.6452653408050537,3.5503506660461426,1.8654073476791382
16316.0,13.414163589477539,-0.641276478767395,2.458625316619873,1.8654073476791382
16415.0,3.308675527572632,1.0151549577713013,0.36610186100006104,1.8654073476791382
16515.0,7.0648088455200195,-1.6707884073257446,-1.2299108505249023,1.8611977100372314
16614.0,13.01216983795166,-4.972285270690918,-5.96171760559082,1.8611977100372314
16714.0,13.40279769897461,0.550349235534668,2.4424736499786377,1.8611977100372314
16815.0,10.852646827697754,-2.1475582122802734,0.24466611444950104,1.9050992727279663
16916.0,2.8450660705566406,-0.22133609652519226,-1.3387842178344727,1.9050992727279663
17017.0,8.529814720153809,-0.8099704384803772,-1.1976077556610107,1.9417994022369385
17115.0,13.604393005371094,-1.8269200325012207,4.098307132720947,1.9417994022369385
17216.0,11.171490669250488,-0.6287141442298889,2.4263222217559814,1.9417994022369385
17317.0,4.186243057250977,1.4901303052902222,1.618146300315857,1.9417994022369385
17415.0,8.459226608276367,-2.6602206230163574,-1.3363914489746094,1.9417994022369385
17513.0,9.221938133239746,-3.920639991760254,-1.5553346872329712,2.041592597961426
17611.0,14.854044914245605,-2.523829698562622,7.058826923370361,2.041592597961426
17709.0,12.645469665527344,-1.7042878866195679,0.8315058946609497,2.041592597961426
17809.0,2.1206390857696533,-0.8697910308837891,-0.511465847492218,2.067854404449463
17907.0,8.032705307006836,-0.9535398483276367,-1.506281852722168,2.018669366836548
18008.0,13.3770751953125,2.6183462142944336,-5.621936798095703,2.018669366836548
18106.0,17.74756622314453,1.430309772491455,2.2091734409332275,2.018669366836548
18208.0,8.904889106750488,-0.14476576447486877,0.8111668825149536,2.018669366836548
18308.0,5.260620594024658,-1.2646067142486572,-0.4055834412574768,2.018669366836548
18407.0,6.4695940017700195,-1.6845471858978271,-2.5220351219177246,1.9636163711547852
18505.0,13.788640022277832,0.6574280261993408,9.482157707214355,1.9636163711547852
18603.0,13.808381080627441,-0.6789634227752686,1.3884353637695312,1.9636163711547852
18704.0,3.0652058124542236,-1.5822539329528809,-0.5934200286865234,1.9636163711547852
18802.0,7.606184959411621,-0.5000999569892883,-2.7900311946868896,1.9162846803665161
18900.0,14.051252365112305,3.1268210411071777,-3.1166515350341797,1.9115779399871826
19001.0,16.4315128326416,-1.2388839721679688,1.7940187454223633,1.9115779399871826
19099.0,11.779866218566895,0.542572557926178,0.96370929479599,1.9115779399871826
19197.0,2.822932481765747,-0.9708877801895142,-0.5162515044212341,1.9115779399871826
19296.0,6.93619441986084,-1.1024930477142334,-0.9565308690071106,1.9054150581359863
19394.0,13.329816818237305,0.34217363595962524,2.806781053543091,1.9054150581359863
19495.0,14.10389518737793,-0.5341976284980774,2.069791555404663,1.9054150581359863
19596.0,3.9984066486358643,-1.34476637840271,-0.4408775866031647,1.9054150581359863
19694.0,6.6245293617248535,-0.07417750358581543,-1.5672988891601562,1.9054150581359863
19793.0,13.021740913391113,3.080759048461914,1.9860427379608154,1.7457536458969116
19892.0,17.28156280517578,1.2089736461639404,2.7385854721069336,1.7457536458969116
19990.0,12.5144624710083,0.4486542344093323,1.6719847917556763,1.7457536458969116
20090.0,1.8873388767242432,-0.2709871530532837,8.0350980758667,1.7457536458969116
20191.0,7.564310550689697,-1.7778671979904175,6.184848308563232,1.7457536458969116
20292.0,11.0171537399292,-4.19282341003418,4.096512317657471,1.890904426574707
20392.0,15.003596305847168,1.064207911491394,14.093127250671387,1.890904426574707
20490.0,8.175676345825195,-2.713460922241211,-9.352945327758789,1.890904426574707
20589.0,3.820141315460205,-0.3116651475429535,-0.9882357716560364,1.890904426574707
20689.0,9.053244590759277,-0.5527420043945312,0.3074777126312256,1.9452474117279053
20787.0,12.648460388183594,-0.9768698215484619,6.7555365562438965,1.9452474117279053
20886.0,12.707084655761719,-0.41515472531318665,0.15553347766399384,1.9452474117279053
20985.0,5.035097122192383,0.8482556343078613,-0.06819544732570648,1.9452474117279053
21084.0,7.592426300048828,-0.8183453679084778,-1.303490161895752,1.9452474117279053
21181.0,10.444072723388672,-3.950550079345703,-2.754737138748169,2.00685977935791
21281.0,15.607784271240234,0.833898663520813,2.606980323791504,2.00685977935791
21379.0,11.963515281677246,-2.6985056400299072,1.168893814086914,2.00685977935791
21477.0,2.74755859375,-0.7483552694320679,-0.9439685344696045,2.00685977935791
21577.0,8.0291166305542,0.32303106784820557,-0.5700899958610535,2.0028278827667236
21674.0,12.788440704345703,1.2867404222488403,-2.410170555114746,2.0028278827667236
21772.0,12.484552383422852,-1.1240284442901611,2.8863422870635986,2.0028278827667236
21873.0,9.701101303100586,-0.8027920126914978,1.088136076927185,2.0087316036224365
21974.0,4.756931304931641,-0.47557350993156433,-1.0103694200515747,2.0087316036224365
22074.0,6.853642463684082,0.04007977992296219,-1.394417405128479,2.000762701034546
22172.0,13.158729553222656,0.42352959513664246,6.550352096557617,2.000762701034546
22270.0,15.376876831054688,-1.7336000204086304,0.46002015471458435,2.000762701034546
22368.0,3.792025566101074,-1.3244273662567139,-0.17347964644432068,2.000762701034546
22469.0,6.652645111083984,0.4570291340351105,-0.8614161610603333,2.000762701034546
22568.0,12.747762680053711,2.1505494117736816,1.6737794876098633,2.0010368824005127
22666.0,14.093127250671387,-0.7489534616470337,4.497908592224121,2.0010368824005127
22766.0,13.5302152633667,-0.01136590726673603,2.613560438156128,2.0010368824005127
22864.0,2.4227328300476074,0.06520441919565201,-0.2805584669113159,1.9697788953781128
22963.0,7.6911301612854,-0.633499801158905,-0.2027917206287384,1.9720091819763184
23063.0,13.34716510772705,-1.201795220375061,-2.297708034515381,1.9720091819763184
23162.0,14.19721508026123,-0.6843472719192505,5.158925533294678,1.9720091819763184
23261.0,7.636693477630615,-1.5397813320159912,-0.24167509377002716,1.9720091819763184
23360.0,5.0638108253479,-0.050847481936216354,-0.9343972206115723,1.9720091819763184
23458.0,9.028120040893555,-1.1437692642211914,0.21954147517681122,1.9737440347671509
23556.0,14.699707984924316,-0.5545366406440735,9.518050193786621,1.9737440347671509
23657.0,14.233705520629883,-1.4015958309173584,0.8536394834518433,1.9737440347671509
23755.0,7.048058986663818,-0.32303106784820557,1.1371889114379883,1.9737440347671509
23856.0,5.782854080200195,-2.5112674236297607,-1.9561325311660767,2.0113911628723145
23957.0,12.961919784545898,-3.869194269180298,-1.6875381469726562,2.017977476119995
24055.0,12.827323913574219,-1.5960127115249634,3.183650493621826,2.017977476119995
24156.0,11.858829498291016,-2.3306093215942383,1.3573286533355713,2.017977476119995
24254.0,3.390629768371582,-2.0650060176849365,-0.9385846853256226,2.017977476119995
24354.0,7.725826263427734,0.050847481936216354,-2.1409780979156494,2.029235601425171
24452.0,13.86640739440918,1.4105689525604248,-3.281157970428467,2.029235601425171
24550.0,14.81934928894043,-2.465803623199463,3.290729284286499,2.029235601425171
24648.0,9.871589660644531,-0.8123632669448853,-0.10767702013254166,2.029235601425171
24746.0,4.35673189163208,-0.9786644577980042,-1.9441684484481812,2.029235601425171
24844.0,7.7007012367248535,0.9296116232872009,-2.792423963546753,1.7706903219223022
24945.0,15.740585327148438,-2.4059832096099854,1.8490537405014038,1.9117933511734009
25043.0,18.708881378173828,-0.7525427341461182,-2.4807589054107666,1.9117933511734009
25142.0,8.397012710571289,-1.693520188331604,-0.39481574296951294,1.9117933511734009
25240.0,2.8594231605529785,-5.803193092346191,-2.462214469909668,1.9117933511734009
25339.0,9.255437850952148,0.363709032535553,0.6765705943107605,1.9995888471603394
25445.0,13.313665390014648,-1.4249259233474731,8.432307243347168,1.9995888471603394
25543.0,11.754142761230469,0.7746763229370117,1.8999011516571045,1.9995888471603394
25643.0,5.508875846862793,0.010169495828449726,-0.9756734371185303,1.9995888471603394
25743.0,7.478767395019531,1.0474581718444824,-2.152343988418579,1.9995888471603394
25844.0,12.195618629455566,-5.289334297180176,-4.542175769805908,1.9835511445999146
25945.0,14.496915817260742,-2.7361927032470703,6.071787357330322,1.9835511445999146
26046.0,10.354341506958008,-1.7533408403396606,0.9631111025810242,1.9835511445999146
26146.0,2.8492536544799805,-0.5545366406440735,-1.217348575592041,1.9835511445999146
26245.0,8.466404914855957,0.10049854964017868,0.08015955984592438,1.9835511445999146
26346.0,12.113066673278809,-0.9050851464271545,6.598806858062744,1.9835511445999146
26443.0,11.990434646606445,-0.906281590461731,3.744767427444458,1.9835511445999146
26541.0,4.65523624420166,0.7860422134399414,0.9547362327575684,1.9835511445999146
26639.0,8.318648338317871,-2.0572292804718018,-2.1403799057006836,1.9835511445999146
26738.0,9.812965393066406,-4.90408992767334,-1.6139588356018066,2.001842737197876
26837.0,18.719051361083984,-2.242672920227051,4.46560525894165,2.001842737197876
26937.0,11.918649673461914,-2.6865415573120117,1.8909281492233276,2.001842737197876
27036.0,2.3994028568267822,-0.5006981492042542,-1.0863415002822876,2.001842737197876
27135.0,7.9005022048950195,-0.6400800347328186,-1.9016958475112915,2.001842737197876
27236.0,13.903495788574219,2.0201404094696045,-2.1780667304992676,2.011760711669922
27337.0,12.8087797164917,-1.378864049911499,5.1876397132873535,2.011760711669922
27436.0,8.919844627380371,0.8967102766036987,1.5672988891601562,2.011760711669922
27536.0,4.146761417388916,-1.5798611640930176,-0.8165507316589355,2.011760711669922
27636.0,7.109076023101807,-0.19322042167186737,-2.4975085258483887,2.0106892585754395
27738.0,13.2568359375,-2.292922258377075,9.379864692687988,2.0106892585754395
27836.0,13.444672584533691,-0.42412781715393066,1.8634105920791626,1.8326263427734375
27936.0,3.401397466659546,-0.9906286001205444,-0.4175475537776947,1.8326263427734375
28034.0,7.145566463470459,-0.20997019112110138,-1.812563180923462,1.8326263427734375
28135.0,14.264812469482422,3.3547372817993164,-2.1403799057006836,1.9678664207458496
28236.0,14.620744705200195,-0.7357929348945618,1.8287147283554077,1.9678664207458496
28337.0,11.916854858398438,0.11006984114646912,1.2921242713928223,1.9678664207458496
28437.0,3.759124279022217,-0.9756734371185303,-0.15672987699508667,1.9678664207458496
28538.0,6.996613502502441,-0.06939185410737991,-1.3645070791244507,2.028917074203491
28639.0,16.057634353637695,-2.3922245502471924,11.958130836486816,2.028917074203491
28741.0,12.965509414672852,-0.784247636795044,-0.33020952343940735,2.028917074203491
28839.0,3.5258240699768066,-0.6364908218383789,-0.001794616924598813,2.0625996589660645
28940.0,7.732406139373779,-0.997208833694458,-1.8813568353652954,2.0625996589660645
29040.0,13.079168319702148,1.765903115272522,-1.6313068866729736,2.0706701278686523
29138.0,16.973487854003906,-0.5617151260375977,2.090728759765625,2.0706701278686523
29239.0,10.76530933380127,0.6693921089172363,1.3782658576965332,2.0706701278686523
29337.0,2.850450038909912,-1.3908281326293945,-0.42352959513664246,2.0706701278686523
29439.0,6.742974281311035,-0.2602194547653198,-1.3549357652664185,2.0774872303009033
29539.0,17.262420654296875,-2.925823926925659,13.911870956420898,2.0774872303009033
29637.0,13.341182708740234,-1.2837493419647217,0.2638086974620819,2.0774872303009033
29738.0,2.602792739868164,-0.5497509837150574,-0.08853443711996078,2.0774872303009033
29836.0,7.7461652755737305,-1.2729816436767578,-1.7359927892684937,2.1305878162384033
29934.0,13.459029197692871,3.094517946243286,-3.115455150604248,2.1309494972229004
30032.0,18.101104736328125,2.297109842300415,9.655637741088867,2.1309494972229004
30133.0,8.060222625732422,-1.124626636505127,7.548159122467041,2.1309494972229004
30231.0,6.595217227935791,-0.35114672780036926,-7.971688747406006,2.1309494972229004
30331.0,6.741179466247559,-3.226123094558716,7.274180889129639,2.1266422271728516
30429.0,12.91645622253418,-2.874378204345703,13.317254066467285,2.1266422271728516
30528.0,16.621742248535156,-4.695914268493652,-0.900897741317749,2.1266422271728516
30626.0,13.516456604003906,2.9760732650756836,0.9074779748916626,2.1266422271728516
30724.0,-1.2550355195999146,-3.3481571674346924,1.0001999139785767,2.1266422271728516
30822.0,6.26141881942749,1.6103696823120117,10.448858261108398,1.816690444946289
30923.0,19.00140380859375,1.3710874319076538,-0.5515456199645996,1.816690444946289
31021.0,13.472787857055664,-4.489533424377441,-1.810768485069275,1.816690444946289
31121.0,0.1495514214038849,1.8939191102981567,2.3018953800201416,1.816690444946289
31221.0,4.010969161987305,-3.94097900390625,6.419943332672119,1.816690444946289
31321.0,20.10509490966797,-2.568695068359375,-1.9166508913040161,1.928259253501892
31422.0,10.457233428955078,1.2604193687438965,-1.3758729696273804,1.928259253501892
31521.0,-2.2067806720733643,-1.1940184831619263,3.0753753185272217,1.928259253501892
31622.0,3.893122434616089,1.662413477897644,13.298111915588379,1.928259253501892
31721.0,13.808979034423828,-0.3128615617752075,-2.6835505962371826,1.9621249437332153
31819.0,8.791828155517578,-1.5744773149490356,-1.4656038284301758,1.9621249437332153
31922.0,-1.4428720474243164,-1.357926845550537,5.465207099914551,1.9621249437332153
32020.0,13.731212615966797,-6.184848308563232,11.687742233276367,1.9621249437332153
32118.0,15.854244232177734,-0.05503492057323456,-1.8735800981521606,2.0725977420806885
32216.0,1.158724308013916,-3.1902308464050293,-0.5527420043945312,2.0725977420806885
32316.0,6.227919101715088,3.2057840824127197,3.559921979904175,2.0725977420806885
32417.0,27.719654083251953,-5.653641700744629,-5.729613780975342,2.0725977420806885
32515.0,14.933008193969727,-0.9864411354064941,-1.3663017749786377,2.080185890197754
32616.0,0.43130627274513245,4.739583492279053,0.9810572862625122,2.080185890197754
32715.0,1.831107497215271,-2.6811578273773193,0.7698906660079956,2.080185890197754
32814.0,25.936403274536133,-2.090130567550659,2.083550214767456,2.0970065593719482
32914.0,13.793426513671875,0.9702895879745483,1.231107234954834,2.0970065593719482
33012.0,-4.086342811584473,-2.142174482345581,-0.047258246690034866,2.0970065593719482
33110.0,4.194019794464111,-1.552941918373108,3.789034605026245,2.0970065593719482
33211.0,18.269798278808594,-1.1126625537872314,-0.8913264274597168,2.0822086334228516
33312.0,9.394820213317871,-2.6398816108703613,-0.656829833984375,2.0822086334228516
33411.0,-2.052443504333496,-1.9746768474578857,5.948556900024414,2.0822086334228516
33509.0,11.550752639770508,-3.9326040744781494,17.873188018798828,2.0822086334228516
33607.0,16.523038864135742,-2.0518453121185303,-1.4518451690673828,2.0784413814544678
33706.0,0.8769695162773132,-2.602792739868164,-0.18843477964401245,2.0784413814544678
33806.0,3.073580741882324,3.049652576446533,6.649653911590576,2.08862566947937
33906.0,22.606191635131836,-2.9790642261505127,-2.3407788276672363,2.08862566947937
34006.0,14.94556999206543,-0.037088751792907715,-3.8470606803894043,2.312108039855957
34106.0,1.4189438819885254,3.6269209384918213,0.8051848411560059,2.312108039855957
34207.0,0.7363911867141724,-3.0586254596710205,0.16271193325519562,2.312108039855957
34306.0,35.1356086730957,0.29850462079048157,2.946761131286621,2.4316110610961914
34406.0,12.675379753112793,-0.6825526356697083,1.2526426315307617,2.4316110610961914
34507.0,-3.600001573562622,-1.5858432054519653,1.0061819553375244,2.4316110610961914
34608.0,5.091328144073486,0.9846464991569519,6.988836765289307,2.4316110610961914
34706.0,19.605592727661133,0.8255237936973572,-2.053041934967041,2.4663913249969482
34805.0,6.9481587409973145,-3.5407793521881104,-0.1339980661869049,2.4663913249969482
34903.0,0.924227774143219,-1.5996019840240479,5.494519233703613,2.4663913249969482
35002.0,6.467201232910156,-6.090929985046387,20.234905242919922,2.4663913249969482
35100.0,16.669599533081055,-0.9349954724311829,-3.5635111331939697,2.7091996669769287
35198.0,0.25064817070961,-3.098705291748047,-0.5772684812545776,2.7091996669769287
35296.0,2.0584256649017334,2.654836654663086,5.047060966491699,2.7091996669769287
35397.0,21.1926326751709,-2.5154547691345215,-2.485544443130493,2.7091996669769287
35495.0,17.247465133666992,-1.831107497215271,-2.042872428894043,2.7987821102142334
35595.0,0.7836494445800781,4.171886444091797,1.1485549211502075,2.7987821102142334
35694.0,-0.18544375896453857,-3.0478577613830566,-2.375474691390991,2.7987821102142334
35792.0,38.46282958984375,2.925823926925659,8.304290771484375,2.838095188140869
35891.0,12.31944751739502,-0.23030917346477509,-1.5002998113632202,2.838095188140869
35990.0,-2.6398816108703613,2.179263114929199,0.9625129103660583,2.838095188140869
36088.0,5.98026180267334,1.353141188621521,7.81555700302124,2.838095188140869
36189.0,16.578672409057617,0.898504912853241,-4.095914363861084,2.8825318813323975
36288.0,5.718846321105957,-1.058824062347412,2.5118656158447266,2.8825318813323975
36386.0,1.3992030620574951,-2.2199411392211914,4.034897327423096,2.8825318813323975
36484.0,19.832311630249023,-7.7730841636657715,18.96132469177246,2.8825318813323975
36582.0,13.708480834960938,-1.054038405418396,-3.3882367610931396,2.89919114112854
36680.0,-3.510270833969116,-3.3930225372314453,2.1511476039886475,2.89919114112854
36780.0,3.2967114448547363,1.9178473949432373,2.2618155479431152,2.9035682678222656
36878.0,32.11945724487305,-8.69491958618164,-0.02392822690308094,2.9035682678222656
36977.0,14.115859031677246,-2.14516544342041,-0.6035895347595215,2.8968818187713623
37075.0,-2.6775684356689453,0.9595218896865845,3.9224345684051514,2.8968818187713623
37173.0,-0.04307080805301666,-3.7633118629455566,4.077968120574951,2.8968818187713623
37271.0,19.359130859375,-1.3286148309707642,-0.6975077986717224,2.8939602375030518
37373.0,7.031309127807617,-0.828514814376831,-0.3643072545528412,2.8939602375030518
37472.0,0.5407779216766357,0.5300102233886719,3.589233875274658,2.8939602375030518
37570.0,10.536794662475586,2.5884358882904053,0.6526423692703247,2.8939602375030518
37668.0,12.536596298217773,4.392624378204346,-4.515854358673096,2.8928442001342773
37766.0,2.417947292327881,0.9266205430030823,0.729810893535614,2.8928442001342773
37867.0,0.771087110042572,-2.3431715965270996,0.22612173855304718,2.890218496322632
37967.0,35.54478073120117,2.586043119430542,8.093722343444824,2.890218496322632
38065.0,14.255839347839355,0.5234299302101135,-0.6891329288482666,2.8792378902435303
38163.0,-4.23649263381958,-0.7058826684951782,0.26979073882102966,2.8792378902435303
38262.0,6.571887493133545,2.025524377822876,6.86680269241333,2.8792378902435303
38360.0,18.171693801879883,0.8787640929222107,-2.2959132194519043,2.8792378902435303
38458.0,7.194021224975586,-2.3617160320281982,0.20099709928035736,2.875486135482788
38556.0,-0.4737788736820221,-2.5405795574188232,3.111267566680908,2.875486135482788
38656.0,9.254839897155762,-7.138388156890869,28.027132034301758,2.875486135482788
38754.0,15.323038101196289,-0.7094719409942627,-2.3515465259552,2.8747169971466064
38855.0,-4.60139799118042,-5.4179487228393555,0.7860422134399414,2.8747169971466064
38954.0,3.4307093620300293,5.755934715270996,3.668795347213745,2.8747169971466064
39056.0,33.74119186401367,-10.893324851989746,-2.2576282024383545,2.8747169971466064
39154.0,14.964713096618652,-2.5250260829925537,0.2512463629245758,2.9697940349578857
39253.0,-0.6514459848403931,1.3052847385406494,2.71645188331604,2.9697940349578857
39351.0,2.7870402336120605,-3.637688636779785,4.280759811401367,2.9697940349578857
39450.0,19.042081832885742,-1.8753747940063477,-0.4378865361213684,2.9697940349578857
39549.0,0.5880361795425415,-1.3202399015426636,-0.21595224738121033,2.978667974472046
39650.0,1.8388842344284058,1.022931694984436,7.189833641052246,2.978667974472046
39750.0,22.107887268066406,-4.96211576461792,2.6943182945251465,2.978667974472046
39852.0,16.022937774658203,-0.7286145091056824,-0.906281590461731,3.024918794631958
39949.0,-4.2586259841918945,3.9086756706237793,3.9936211109161377,3.024918794631958
40047.0,-0.7411768436431885,-2.2953150272369385,1.0265209674835205,3.024918794631958
40146.0,26.014768600463867,-0.576670229434967,2.664407968521118,3.024918794631958
40244.0,3.534797191619873,-3.820141315460205,7.920242786407471,3.046692132949829
40345.0,0.0029910283628851175,1.1461620330810547,14.005788803100586,3.046692132949829
40446.0,11.22054386138916,5.630311489105225,12.524033546447754,3.046692132949829
40549.0,13.366307258605957,0.45164528489112854,-4.911866664886475,3.0515832901000977
40647.0,-0.2913261651992798,3.115455150604248,3.8865420818328857,3.0515832901000977
40746.0,-1.8658034801483154,-1.7168502807617188,-0.2626122832298279,3.0515832901000977
40844.0,25.42912483215332,-2.093719720840454,2.204986095428467,2.7310867309570312
40944.0,3.758526086807251,-0.42412781715393066,0.8309076428413391,2.858628988265991
41043.0,0.7908278703689575,-0.981655478477478,3.6370904445648193,2.858628988265991
41141.0,19.141983032226562,2.6626133918762207,2.0715861320495605,2.858628988265991
41242.0,12.543176651000977,-1.0516455173492432,-1.968694806098938,2.858628988265991
41340.0,-2.39401912689209,5.6931233406066895,3.865006685256958,2.950387954711914
41438.0,-0.1986042857170105,-1.8305093050003052,0.5479564070701599,2.950387954711914
41536.0,34.22154998779297,-2.9826533794403076,2.2408783435821533,2.950387954711914
41634.0,8.534002304077148,2.8187451362609863,0.2667997181415558,2.9976775646209717
41734.0,3.424727439880371,1.7808582782745361,2.6177480220794678,2.9976775646209717
41834.0,12.519248008728027,3.0658040046691895,-2.2683959007263184,3.095611095428467
41932.0,9.129216194152832,1.2335001230239868,-4.068994998931885,3.121061086654663
42030.0,-1.5601203441619873,4.197608947753906,3.356531858444214,3.121061086654663
42129.0,-0.14775680005550385,-1.6348960399627686,-0.5641079545021057,3.121061086654663
42229.0,27.353551864624023,-2.2654049396514893,-1.0295119285583496,3.121061086654663
42327.0,5.54177713394165,-1.3351950645446777,0.10408778488636017,3.1230740547180176
42427.0,-0.36191442608833313,3.806382656097412,6.223133563995361,3.1230740547180176
42525.0,18.346967697143555,5.559723377227783,-1.2430713176727295,3.1230740547180176
42623.0,14.361123085021973,1.5649060010910034,-4.016951084136963,3.1230740547180176
42721.0,-3.9391841888427734,3.741178274154663,3.9768712520599365,3.110400676727295
42819.0,-0.8476574420928955,-1.7808582782745361,2.190629243850708,3.099168062210083
42918.0,33.50669479370117,-1.3507484197616577,5.014758110046387,3.099168062210083
43016.0,2.355733871459961,-1.500898003578186,0.5700899958610535,3.0984585285186768
43114.0,-1.0456634759902954,3.7567315101623535,4.060619831085205,3.0984585285186768
43212.0,14.057832717895508,6.764509677886963,1.9094724655151367,3.0984585285186768
43312.0,12.008978843688965,1.9824535846710205,-4.066003799438477,3.1027610301971436
43411.0,-1.9196419715881348,4.487739086151123,4.109074592590332,3.1027610301971436
43511.0,0.9314061999320984,-2.3336002826690674,1.4859428405761719,3.1027610301971436
43609.0,19.780866622924805,-0.06939185410737991,2.0895323753356934,3.1027610301971436
43711.0,1.8574285507202148,-4.083950042724609,0.4378865361213684,3.1091272830963135
43811.0,0.5282155871391296,3.793222188949585,8.167900085449219,2.7978644371032715
43912.0,31.92563819885254,-4.932804107666016,2.592623233795166,2.7978644371032715
44011.0,11.298908233642578,0.4061816334724426,-0.03469592705368996,2.7978644371032715
44112.0,-1.7371892929077148,-0.584446907043457,3.1268210411071777,3.2081124782562256
44212.0,1.9830517768859863,-2.242672920227051,5.84865665435791,3.2081124782562256
44313.0,15.759129524230957,-0.6269195079803467,-6.931408882141113,3.2081124782562256
44411.0,-2.3515465259552,-4.30588436126709,0.7878368496894836,3.3651604652404785
44512.0,2.4424736499786377,6.124429702758789,7.529016494750977,3.3651604652404785
44611.0,27.041288375854492,-13.196416854858398,-2.293520450592041,3.3651604652404785
44710.0,16.392030715942383,-3.169891834259033,0.4492524564266205,3.408350944519043
44809.0,1.1718848943710327,1.079761266708374,4.140181541442871,3.408350944519043
44907.0,-1.8388842344284058,-8.228917121887207,11.335997581481934,3.408350944519043
45006.0,16.3172550201416,-1.3591232299804688,-4.890331268310547,3.408350944519043
45104.0,-6.756732940673828,-5.629713535308838,1.9860427379608154,3.2286195755004883
45205.0,3.6053855419158936,4.033700942993164,7.274180889129639,3.2286195755004883
45307.0,36.23092269897461,-9.910472869873047,-4.97348165512085,3.2286195755004883
45406.0,12.294322967529297,-2.8049862384796143,0.8350951075553894,3.2134759426116943
45507.0,-0.14117653667926788,-0.20099709928035736,4.3411784172058105,3.2134759426116943
45606.0,1.9896320104599,-8.988637924194336,13.607982635498047,3.2134759426116943
45708.0,18.720247268676758,1.8251254558563232,-2.8773691654205322,3.2134759426116943
45806.0,-7.883154392242432,-3.5611183643341064,2.916252613067627,3.204345703125
45905.0,3.617947816848755,0.7226324677467346,2.7487549781799316,3.204345703125
46004.0,29.495128631591797,-6.433103561401367,-0.43968117237091064,3.204345703125
46103.0,10.677970886230469,-2.675773859024048,3.032902717590332,3.353635311126709
46203.0,1.0713863372802734,-2.4011974334716797,5.259424209594727,3.353635311126709
46301.0,22.062423706054688,-7.813762187957764,13.879568099975586,3.353635311126709
46399.0,14.254044532775879,0.014955141581594944,-0.37028929591178894,3.353635311126709
46500.0,-3.0622148513793945,-1.4572290182113647,2.5878376960754395,3.424227476119995
46598.0,6.308078765869141,-0.030508488416671753,-1.4787644147872925,3.424227476119995
46696.0,21.905094146728516,-3.1202406883239746,-3.363710403442383,3.424227476119995
46794.0,6.7208404541015625,-3.029313564300537,3.854238986968994,3.01815128326416
46892.0,-2.1056840419769287,-1.7222341299057007,4.5822553634643555,3.01815128326416
46990.0,34.32085418701172,-7.058826923370361,-7.953742504119873,3.01815128326416
47088.0,9.799206733703613,3.568894863128662,-0.07956135272979736,3.01815128326416
47186.0,3.5952160358428955,1.0325030088424683,2.5986053943634033,3.634114980697632
47284.0,4.332205295562744,-0.6089733839035034,5.182255744934082,3.634114980697632
47385.0,15.495919227600098,-2.132004976272583,-8.112865447998047,3.634114980697632
47486.0,2.7726831436157227,4.441677093505859,3.772284984588623,4.147780418395996
47587.0,-0.3768695592880249,-1.3728820085525513,-0.7627122402191162,4.147780418395996
47686.0,39.9021110534668,-1.7174484729766846,3.6119658946990967,4.147780418395996
47785.0,9.439684867858887,1.28255295753479,0.24646073579788208,4.427114486694336
47883.0,0.582054078578949,1.7730815410614014,3.424727439880371,4.427114486694336
47981.0,15.286547660827637,4.028914928436279,1.428515076637268,4.427114486694336
48079.0,11.301301002502441,-1.007378339767456,-4.657031059265137,4.427114486694336
48178.0,-1.1126625537872314,3.6185460090637207,4.060619831085205,4.619614601135254
48276.0,1.7467604875564575,-4.415954113006592,4.661816596984863,4.619614601135254
48376.0,15.457036018371582,1.82273268699646,-2.14935302734375,4.619614601135254
48474.0,-4.308875560760498,-8.635697364807129,3.572484254837036,4.747632026672363
48575.0,0.22133609652519226,2.5094728469848633,5.099104881286621,4.747632026672363
48676.0,31.5936336517334,-6.796214580535889,-2.599203586578369,4.747632026672363
48776.0,11.4652099609375,-0.4707878530025482,3.9254255294799805,4.747632026672363
48877.0,-2.1409780979156494,-3.421138286590576,1.545763373374939,4.410801887512207
48975.0,38.08237075805664,1.6396816968917847,-13.437493324279785,4.410801887512207
49073.0,12.45105266571045,1.7222341299057007,-0.8446664214134216,4.410801887512207
49171.0,0.08973085135221481,1.3674981594085693,3.07417893409729,4.357560634613037
49269.0,17.745771408081055,8.46161937713623,-9.574281692504883,4.357560634613037
49367.0,8.479565620422363,-0.2715853750705719,-3.830310821533203,4.357560634613037
49467.0,1.1198409795761108,-0.6358926296234131,4.432105541229248,4.335005760192871
49566.0,-0.48454657196998596,-4.144967079162598,6.327819347381592,4.335005760192871
49665.0,16.414762496948242,1.4368900060653687,-2.950948476791382,4.335005760192871
49765.0,-7.667799949645996,-6.942774772644043,3.902693748474121,4.335005760192871
49865.0,1.322034478187561,3.970889091491699,6.236892223358154,3.5768234729766846
49963.0,25.508087158203125,-7.6977105140686035,-2.3365912437438965,3.5768234729766846
50061.0,14.513666152954102,-3.8775691986083984,1.7539390325546265,3.5768234729766846
50159.0,-3.166900873184204,-4.222733974456787,-0.33738797903060913,3.9543087482452393
50259.0,31.749765396118164,-7.200003147125244,4.351347923278809,3.9543087482452393
50357.0,12.04487133026123,0.9116654396057129,-6.114260196685791,3.9543087482452393
50456.0,-2.7870402336120605,-1.089930772781372,10.210174560546875,4.230637073516846
50554.0,3.937987804412842,2.5292134284973145,6.662216663360596,4.230637073516846
50656.0,17.846269607543945,-1.6085749864578247,-8.628518104553223,4.230637073516846
50756.0,1.6019947528839111,1.0462616682052612,4.286741733551025,4.413258075714111
50854.0,3.1417760848999023,-2.9491539001464844,4.77667236328125,4.413258075714111
50952.0,35.74578094482422,3.9631125926971436,-7.516454219818115,4.413258075714111
51053.0,14.027922630310059,-1.3914263248443604,0.9672985672950745,4.0705413818359375
51150.0,0.8051848411560059,3.7639100551605225,1.581655740737915,4.0705413818359375
51251.0,3.518047571182251,4.320241451263428,12.53420352935791,4.0705413818359375
51349.0,16.443477630615234,-1.083350419998169,-7.672585964202881,4.0705413818359375
51447.0,-1.8185452222824097,0.9260223507881165,6.757331371307373,3.9902186393737793
51545.0,-0.48813581466674805,0.2356930375099182,3.5461630821228027,3.9902186393737793
51644.0,37.9974250793457,-0.18963119387626648,-15.649658203125,3.9902186393737793
51744.0,10.812567710876465,1.3836497068405151,2.355733871459961,3.953535556793213
51844.0,4.949553489685059,1.77607262134552,0.7154539823532104,3.953535556793213
51944.0,8.661419868469238,4.180261135101318,8.86361312866211,3.953535556793213
52042.0,12.45105266571045,-2.410170555114746,-6.92183780670166,3.953535556793213
52140.0,-1.5589239597320557,4.730610370635986,5.565107345581055,3.3941197395324707
52239.0,-1.1156535148620605,-1.836491346359253,-0.0891326442360878,3.3941197395324707
52337.0,30.94398307800293,2.300100803375244,3.682554006576538,3.3941197395324707
52437.0,2.9617161750793457,-1.95852530002594,0.6143572330474854,3.275096893310547
52536.0,2.825923442840576,3.1441688537597656,6.307480335235596,3.275096893310547
52634.0,16.029518127441406,2.1200408935546875,1.074377417564392,3.275096893310547
52735.0,10.88136100769043,-1.317248821258545,-3.394218921661377,3.275096893310547
52834.0,0.6807580590248108,1.9543378353118896,2.1026928424835205,2.734628915786743
52932.0,-1.1629117727279663,-2.9629125595092773,0.7968099117279053,2.734628915786743
53030.0,17.646469116210938,1.2616157531738281,-2.2438695430755615,2.734628915786743
53131.0,-8.212167739868164,-5.8749775886535645,2.3808584213256836,3.2216174602508545
53229.0,-0.6741777658462524,5.61954402923584,6.446264266967773,3.2216174602508545
53327.0,36.4456787109375,-6.653243541717529,0.5784648656845093,3.2216174602508545
53426.0,14.455639839172363,-5.234897613525391,0.8081758618354797,3.2216174602508545
53524.0,-1.1371889114379883,0.5126622319221497,3.4169507026672363,3.569916009902954
53622.0,2.1846470832824707,-5.947958946228027,10.886744499206543,3.569916009902954
53721.0,16.397415161132812,2.895913600921631,-6.741179466247559,3.569916009902954
53820.0,-2.8085756301879883,-2.3952155113220215,1.5409778356552124,3.177051067352295
53918.0,2.12542462348938,3.355933666229248,1.2945170402526855,3.177051067352295
54016.0,30.06282615661621,-5.851049423217773,-1.435693621635437,3.177051067352295
54114.0,10.370492935180664,-2.424527645111084,3.8051862716674805,3.5421040058135986
54215.0,1.6079767942428589,-1.3938192129135132,3.452244758605957,3.5421040058135986
54315.0,8.081758499145508,-14.270793914794922,32.63151931762695,3.5421040058135986
54416.0,10.77547836303711,0.9798609018325806,1.3710874319076538,3.5421040058135986
54514.0,-0.8392825126647949,0.5096712112426758,2.7672994136810303,3.8025283813476562
54613.0,2.8809585571289062,1.6414763927459717,-0.4450650215148926,3.8025283813476562
54714.0,25.06302261352539,-3.391227960586548,-2.090130567550659,3.8025283813476562
54814.0,6.065805435180664,-3.207578659057617,5.565705299377441,3.594123125076294
54915.0,1.5158531665802002,-0.7992027401924133,6.8243303298950195,3.594123125076294
55016.0,45.059242248535156,0.1010967567563057,-23.429323196411133,3.594123125076294
55115.0,13.786247253417969,1.1886346340179443,4.782055854797363,3.936099052429199
55213.0,1.9351953268051147,0.7878368496894836,0.4019941985607147,3.936099052429199
55311.0,3.91705060005188,-1.9710876941680908,5.277968406677246,3.936099052429199
55409.0,16.55115509033203,-2.9826533794403076,-10.677970886230469,3.936099052429199
55509.0,-0.0029910283628851175,4.180859565734863,4.576273441314697,4.1754961013793945
55607.0,-0.9840483069419861,-4.503292083740234,7.140780925750732,4.1754961013793945
55707.0,44.21218490600586,5.3593244552612305,5.791228771209717,4.1754961013793945
55806.0,6.16391134262085,-2.8839495182037354,0.4989035129547119,3.9757657051086426
55905.0,1.800000786781311,0.9212366938591003,5.471189022064209,3.9757657051086426
56006.0,16.95793342590332,0.47258245944976807,-3.0765717029571533,3.9757657051086426
56108.0,12.159128189086914,-9.114859580993652,-2.5884358882904053,3.9757657051086426
56208.0,-0.6951149702072144,0.372682124376297,4.411168575286865,4.114048957824707
56305.0,-4.253242015838623,-7.214958667755127,10.01456069946289,4.114048957824707
56405.0,21.985254287719727,0.8045865893363953,-5.558526992797852,4.114048957824707
56505.0,-9.376873970031738,-8.721240043640137,2.9593234062194824,4.21293306350708
56605.0,-2.6877379417419434,0.7998009920120239,1.8735800981521606,4.21293306350708
56704.0,35.28037643432617,-9.10409164428711,-2.575275421142578,4.21293306350708
56802.0,8.373085021972656,4.88554573059082,6.0472612380981445,4.1923346519470215
56901.0,0.029910283163189888,-3.5270206928253174,-2.9276185035705566,4.1923346519470215
56999.0,9.79801082611084,-12.673584938049316,38.47359848022461,4.1923346519470215
57097.0,9.270393371582031,3.4851462841033936,-1.0115658044815063,4.1923346519470215
57195.0,-0.054436713457107544,-1.3507484197616577,2.819941520690918,4.173290252685547
57295.0,7.154539585113525,-1.9022940397262573,3.204587697982788,4.173290252685547
57394.0,11.428120613098145,-2.7906293869018555,-9.765109062194824,4.173290252685547
57492.0,-0.5234299302101135,4.865804672241211,8.984451293945312,4.171643257141113
57593.0,-0.6598208546638489,-0.849452018737793,0.1136590763926506,4.171643257141113
57691.0,32.97549057006836,2.2851455211639404,4.383651256561279,4.171643257141113
57790.0,-1.8747764825820923,-6.4325056076049805,3.3780672550201416,4.391592025756836
57888.0,0.589830756187439,0.9906286001205444,5.645864963531494,4.391592025756836
57986.0,31.05345344543457,-0.9032905697822571,5.20379114151001,4.391592025756836
58086.0,13.061820983886719,-0.6131607890129089,-0.45523449778556824,4.391592025756836
58187.0,1.6390835046768188,-1.317248821258545,4.697110652923584,4.391592025756836
58286.0,3.9218363761901855,-3.6526436805725098,5.838487148284912,4.391592025756836
58385.0,15.29910945892334,-0.5246263742446899,-6.595217227935791,4.391592025756836
58485.0,-14.08116340637207,-11.71585750579834,3.699902057647705,4.634615898132324
58586.0,2.270190477371216,5.6548380851745605,2.8624141216278076,4.634615898132324
58687.0,41.294734954833984,-9.608379364013672,-9.015557289123535,4.634615898132324
58785.0,7.724629878997803,0.2679961323738098,4.977071285247803,4.295183181762695
58885.0,1.0761719942092896,-2.348555326461792,5.2737812995910645,4.295183181762695
58986.0,53.56572723388672,0.3200400173664093,-10.032506942749023,4.295183181762695
59085.0,6.847062110900879,-2.1122641563415527,1.7048860788345337,4.295183181762695
59184.0,1.6713865995407104,2.0608184337615967,4.233501434326172,4.64021110534668
59282.0,10.308279991149902,5.2151570320129395,7.052844524383545,4.64021110534668
59381.0,5.941378593444824,-0.16869398951530457,-6.502495765686035,4.64021110534668
59482.0,-0.049651071429252625,0.8003991842269897,0.5485545992851257,4.845829963684082
59581.0,0.0849452018737793,-8.444869041442871,25.783262252807617,4.845829963684082
59681.0,12.479167938232422,-0.5575276613235474,-4.945366382598877,4.845829963684082
59781.0,1.698904037475586,0.35892340540885925,2.973680257797241,4.512436866760254
59880.0,5.588437080383301,-1.6893328428268433,4.793421745300293,4.512436866760254
59980.0,15.609578132629395,-5.5005011558532715,-8.788239479064941,4.512436866760254
60078.0,0.1908276081085205,2.630908489227295,14.645271301269531,4.6640238761901855
60176.0,-2.715853691101074,-0.5300102233886719,-1.85383939743042,4.6640238761901855
60276.0,27.10649299621582,2.8797619342803955,-3.266202926635742,4.6640238761901855
60376.0,-1.716252088546753,-5.111667156219482,2.2755744457244873,4.755027770996094
60475.0,0.34217363595962524,4.329812526702881,12.711870193481445,4.755027770996094
60577.0,32.66202926635742,-11.293524742126465,11.560324668884277,4.755027770996094
60675.0,15.19442367553711,-2.1607189178466797,4.5828537940979,4.755027770996094
60773.0,1.0157532691955566,-4.613960266113281,2.4029922485351562,4.811339855194092
60874.0,-1.7270197868347168,-7.063612461090088,37.65345764160156,4.811339855194092
60972.0,13.844871520996094,-5.3246283531188965,-4.427918434143066,4.811339855194092
61072.0,-11.948559761047363,-6.8410797119140625,6.300302028656006,4.765632152557373
61172.0,4.578067779541016,2.970689296722412,1.2191431522369385,4.765632152557373
61271.0,23.659034729003906,-5.027320384979248,-0.1788634955883026,4.765632152557373
61369.0,6.667002201080322,-3.119642496109009,6.463612079620361,4.744620323181152
61469.0,1.8945173025131226,-1.4321043491363525,3.5018959045410156,4.744620323181152
61566.0,21.735803604125977,-18.143577575683594,28.33999252319336,4.744620323181152
61665.0,11.84985637664795,0.4827519655227661,1.5188441276550293,4.744620323181152
61765.0,0.1495514214038849,0.6532405614852905,3.3278181552886963,4.73172664642334
61867.0,4.293920040130615,2.662015199661255,-2.3569302558898926,4.73172664642334
61966.0,19.913667678833008,-5.97727108001709,-9.637093544006348,4.73172664642334
62065.0,6.274579048156738,2.1852452754974365,7.203592777252197,4.73874044418335
62166.0,-0.5748756527900696,-2.664407968521118,3.077768087387085,4.73874044418335
62265.0,68.66443634033203,0.037088751792907715,-15.225530624389648,4.73874044418335
62363.0,8.266005516052246,-3.717249870300293,2.8325037956237793,4.740182876586914
62461.0,5.194219589233398,0.6765705943107605,1.201795220375061,4.740182876586914
62562.0,12.686147689819336,7.101897716522217,6.266204357147217,4.740182876586914
62660.0,4.203591346740723,-2.7290141582489014,-6.015556335449219,4.740182876586914
62758.0,-2.365305185317993,6.908079147338867,4.907081127166748,4.7449493408203125
62857.0,-4.334598064422607,-1.4530415534973145,0.6604190468788147,4.7449493408203125
62957.0,23.137996673583984,0.7244270443916321,2.8223342895507812,4.7449493408203125
63056.0,-1.1694921255111694,-4.515256404876709,0.005982056725770235,4.289157867431641
63155.0,-1.9196419715881348,6.010770320892334,3.5168511867523193,4.289157867431641
63256.0,41.29593276977539,-4.952544689178467,-0.4995017349720001,4.289157867431641
63355.0,9.192028045654297,-1.373480200767517,1.4895321130752563,4.238555431365967
63455.0,3.4815568923950195,-1.9627127647399902,3.59043025970459,4.238555431365967
63553.0,0.6299105882644653,-6.184848308563232,10.644471168518066,4.238555431365967
63652.0,13.397414207458496,1.0001999139785767,-7.572087287902832,4.238555431365967
63751.0,-7.826324462890625,-4.777868747711182,6.399005889892578,4.207290172576904
63853.0,-1.576271891593933,3.2368907928466797,7.708477973937988,4.207290172576904
63950.0,25.40340232849121,-6.525825500488281,-7.773682594299316,4.207290172576904
64049.0,6.981658458709717,-0.09990034252405167,9.709476470947266,4.254833221435547
64150.0,1.6522440910339355,-4.777270317077637,3.786641836166382,4.254833221435547
64251.0,37.365718841552734,1.0941181182861328,-7.918448448181152,4.254833221435547
64349.0,12.741182327270508,4.092923164367676,2.194218397140503,4.254833221435547
64450.0,7.887341499328613,-0.4486542344093323,2.214557409286499,4.278006553649902
64549.0,6.355935096740723,-0.9314061999320984,12.779467582702637,4.278006553649902
64647.0,24.674787521362305,-12.113664627075195,-14.527424812316895,4.278006553649902
64746.0,1.827518343925476,10.100104331970215,8.456833839416504,4.29559850692749
64844.0,-3.032304525375366,-2.1619153022766113,1.332802176475525,4.29559850692749
64943.0,37.540992736816406,-1.8161523342132568,-3.3433713912963867,4.29559850692749
65043.0,-0.33858439326286316,-4.1593241691589355,5.073980331420898,4.321904182434082
65141.0,-2.1278176307678223,2.9341988563537598,8.252246856689453,4.321904182434082
65239.0,34.75275802612305,14.71346664428711,-19.4069881439209,4.321904182434082
65340.0,10.749157905578613,-4.675575256347656,1.1431710720062256,4.321904182434082
65441.0,0.9260223507881165,0.41515472531318665,2.3084757328033447,4.332137584686279
65542.0,-0.2315055876970291,-10.65942668914795,17.39043617248535,4.332137584686279
65642.0,10.421340942382812,3.122035264968872,-7.122236728668213,4.332137584686279
65740.0,-1.6654045581817627,-4.056432723999023,3.9595232009887695,4.343029975891113
65841.0,4.9639105796813965,1.6719847917556763,-1.7018951177597046,4.343029975891113
65939.0,20.949161529541016,-8.991629600524902,-7.11146879196167,4.343029975891113
66040.0,3.404986619949341,4.447659015655518,12.025130271911621,3.9665794372558594
66139.0,-3.6299118995666504,-3.4271202087402344,1.929213285446167,3.9665794372558594
66241.0,50.21099090576172,-0.24047867953777313,3.4719855785369873,3.9665794372558594
66340.0,2.4089741706848145,-2.9102704524993896,0.9469595551490784,4.06172513961792
66440.0,1.8789639472961426,4.366302967071533,7.544569969177246,4.06172513961792
66538.0,21.452852249145508,10.654043197631836,-5.748756408691406,4.06172513961792
66636.0,9.869794845581055,-5.19960355758667,-1.7371892929077148,4.06172513961792
66734.0,1.5649060010910034,-1.2011969089508057,3.690330743789673,4.128819942474365
66832.0,1.482353687286377,-10.581061363220215,27.569503784179688,4.128819942474365
66930.0,18.055641174316406,4.176671981811523,-2.760719060897827,4.128819942474365
67030.0,-3.8189449310302734,-3.951746702194214,6.953542709350586,4.363999843597412
67128.0,6.45822811126709,0.7411768436431885,-1.4679967164993286,4.363999843597412
67226.0,15.399009704589844,-4.2556352615356445,-9.897313117980957,4.363999843597412
67326.0,-0.9236295223236084,6.930810928344727,10.27777099609375,4.363999843597412
67427.0,-2.0231316089630127,-0.9672985672950745,2.538186550140381,4.44652795791626
67528.0,21.866809844970703,6.1573309898376465,-0.6616154313087463,4.44652795791626
67627.0,-5.099703311920166,-10.258628845214844,2.651845693588257,4.44652795791626
67726.0,0.9421738982200623,6.547360897064209,5.464608669281006,4.50595235824585
67825.0,41.698524475097656,-6.419943332672119,-6.449853420257568,4.588998794555664
67926.0,12.976875305175781,0.24047867953777313,2.0823538303375244,4.588998794555664
68024.0,-3.513859987258911,-4.860421180725098,2.5076780319213867,4.646727085113525
68122.0,45.14777755737305,3.4713873863220215,-10.558329582214355,4.646727085113525
68220.0,10.063613891601562,-2.0787646770477295,0.4259224236011505,4.646727085113525
68322.0,2.338984251022339,3.4654054641723633,6.5521464347839355,4.6920671463012695
68420.0,-0.2715853750705719,-2.146361827850342,22.070199966430664,4.6920671463012695
68520.0,8.612366676330566,-6.278766632080078,-11.639885902404785,4.6920671463012695
68621.0,-1.7641085386276245,3.9565322399139404,2.455634355545044,4.728880405426025
68719.0,-6.5521464347839355,-7.16650390625,9.401998519897461,4.728880405426025
68820.0,15.301502227783203,6.644270420074463,-6.897311210632324,5.258307933807373
68918.0,-10.076774597167969,-13.118051528930664,3.759124279022217,5.258307933807373
69016.0,0.7812566161155701,2.3132612705230713,2.417349100112915,5.258307933807373
69114.0,26.440092086791992,-9.833304405212402,-8.382058143615723,5.258307933807373
69212.0,6.1812591552734375,5.66620397567749,7.466803073883057,5.258307933807373
69310.0,-1.0043872594833374,-1.7120646238327026,3.9702908992767334,5.258307933807373
69412.0,60.614383697509766,-2.6117658615112305,-6.113063812255859,5.258307933807373
69510.0,0.3966103494167328,-3.1686954498291016,2.472982168197632,5.258307933807373
69609.0,-1.0277173519134521,5.438885688781738,10.49073314666748,5.258307933807373
69707.0,27.230920791625977,0.5790630578994751,1.1234302520751953,5.258307933807373
69806.0,11.672786712646484,1.8376877307891846,3.0855448246002197,5.662987232208252
69907.0,-0.09212367236614227,-4.974678039550781,1.2544373273849487,5.662987232208252
70006.0,19.36152458190918,-14.710474967956543,26.124238967895508,5.662987232208252
70104.0,12.135200500488281,1.454237937927246,-5.097310543060303,5.662987232208252
70203.0,6.967301368713379,0.9092726111412048,4.25084924697876,5.662987232208252
70300.0,3.321237802505493,0.997208833694458,9.787840843200684,5.662987232208252
70399.0,6.756732940673828,-3.861417531967163,1.9770697355270386,5.662987232208252
70497.0,3.5096726417541504,-0.03290131315588951,-3.06999135017395,5.662987232208252
70595.0,1.7581263780593872,-4.205984115600586,8.552546501159668,5.662987232208252
70693.0,12.51147174835205,3.181257724761963,-7.138986587524414,5.662987232208252
70794.0,-3.3176486492156982,-6.701099872589111,4.926821708679199,5.474453926086426
70895.0,4.417748928070068,3.2452657222747803,0.527019202709198,5.474453926086426
70995.0,18.301504135131836,-9.724431037902832,-12.92064380645752,5.474453926086426
71094.0,-0.14835500717163086,5.2971110343933105,8.542975425720215,5.474453926086426
71196.0,-1.5002998113632202,-0.13698910176753998,0.35832518339157104,5.474453926086426
71297.0,27.75255584716797,3.5437703132629395,10.106684684753418,5.474453926086426
71395.0,-6.46241569519043,-6.987640380859375,3.775874137878418,5.474453926086426
71495.0,-1.8687944412231445,6.1669020652771,4.540380954742432,5.474453926086426
71597.0,30.592836380004883,-12.926626205444336,-7.895716667175293,5.474453926086426
71697.0,10.229914665222168,6.660421848297119,7.149754047393799,5.474453926086426
71796.0,-2.466402053833008,-5.669793128967285,1.7228323221206665,5.368443489074707
71896.0,66.69335174560547,-1.937588095664978,-12.310474395751953,5.368443489074707
71995.0,5.633302688598633,0.9110672473907471,4.170690059661865,5.368443489074707
72093.0,7.643871784210205,3.985246181488037,2.1266210079193115,5.368443489074707
72191.0,10.187442779541016,4.960919380187988,20.574087142944336,5.368443489074707
72290.0,11.586645126342773,-6.592824459075928,-11.70269775390625,5.368443489074707
72390.0,-5.253442287445068,3.682554006576538,8.148757934570312,5.368443489074707
72492.0,-2.982055187225342,-1.272383451461792,3.3720853328704834,5.368443489074707
72591.0,20.233110427856445,9.609575271606445,-8.891130447387695,5.368443489074707
72691.0,-8.69372272491455,-9.474381446838379,4.623531341552734,5.368443489074707
72791.0,4.334000110626221,5.485546112060547,1.7353945970535278,5.449462890625
72893.0,22.588245391845703,-10.441679954528809,-7.883752346038818,5.449462890625
72994.0,5.31266450881958,5.80199670791626,8.993423461914062,5.449462890625
73093.0,0.8183453679084778,-0.8410771489143372,4.2484564781188965,5.449462890625
73192.0,47.46462631225586,0.3409772217273712,-1.5032907724380493,5.449462890625
73290.0,3.6705899238586426,-1.1581261157989502,0.7812566161155701,5.449462890625
73388.0,2.489133834838867,5.309673309326172,5.168497085571289,5.449462890625
73486.0,27.062225341796875,8.711668968200684,0.9631111025810242,5.449462890625
73584.0,12.378071784973145,-1.659422516822815,-1.277169108390808,5.449462890625
73687.0,4.649254322052002,-3.1507492065429688,6.34217643737793,5.449462890625
73788.0,-0.4654040038585663,-9.156135559082031,16.42792320251465,5.422646999359131
73888.0,10.517053604125977,3.5467612743377686,-4.566701889038086,5.422646999359131
73987.0,4.4344987869262695,-1.0600204467773438,1.7042878866195679,5.422646999359131
74089.0,3.0167510509490967,-1.2604193687438965,15.223137855529785,5.422646999359131
74189.0,11.341979026794434,-9.538389205932617,-7.766504287719727,5.422646999359131
74287.0,-0.666999340057373,-0.859621524810791,7.635497093200684,5.422646999359131
74389.0,-3.222533941268921,0.4456632137298584,1.3363914489746094,5.422646999359131
74487.0,23.190040588378906,5.791827201843262,-4.942375183105469,5.422646999359131
74588.0,-9.635896682739258,-10.701899528503418,3.6095728874206543,5.422646999359131
74686.0,1.339382529258728,6.365506649017334,2.733201742172241,5.422646999359131
74785.0,28.209585189819336,-10.41356372833252,-4.744967460632324,5.422646999359131
74883.0,6.2297139167785645,4.42612361907959,12.348161697387695,4.868927478790283
74982.0,-2.5806591510772705,-5.023132801055908,3.940380573272705,4.636406421661377
75084.0,46.01457595825195,5.089533805847168,5.687739372253418,4.636406421661377
75185.0,-0.8967102766036987,-2.029113531112671,4.532604217529297,4.636406421661377
75285.0,-0.5940182209014893,1.8352949619293213,5.523830890655518,4.880420684814453
75386.0,29.040491104125977,13.864612579345703,0.2715853750705719,4.880420684814453
75487.0,9.5862455368042,-5.236692428588867,1.0911271572113037,4.880420684814453
75585.0,1.5044872760772705,-0.7022934556007385,3.2895328998565674,4.512967109680176
75684.0,8.216354370117188,-12.899706840515137,26.993432998657227,4.512967109680176
75783.0,8.900103569030762,0.6059823632240295,1.5487544536590576,4.512967109680176
75882.0,5.480760097503662,0.6119644045829773,-0.6975077986717224,4.677837371826172
75981.0,6.5712890625,1.0666006803512573,19.300506591796875,4.677837371826172
76083.0,5.636891841888428,-5.00578498840332,-7.57507848739624,4.677837371826172
76181.0,2.0231316089630127,0.4295116662979126,7.911868095397949,4.1548638343811035
76280.0,-2.7248268127441406,-4.432105541229248,11.434700965881348,4.1548638343811035
76382.0,13.637892723083496,3.2069804668426514,-6.084349632263184,4.1548638343811035
76481.0,-1.368694543838501,-7.69830846786499,6.7106709480285645,3.8117737770080566
76582.0,0.760917603969574,0.6454638838768005,1.357926845550537,3.8117737770080566
76682.0,14.491532325744629,-3.0376882553100586,-13.442877769470215,3.8117737770080566
76781.0,0.9511470198631287,2.273181438446045,12.19502067565918,3.8117737770080566
76880.0,-2.9659037590026855,-1.5954145193099976,-0.020338991656899452,4.37396764755249
76981.0,25.631916046142578,9.232108116149902,1.8137595653533936,4.37396764755249
77079.0,-3.982254981994629,-10.708479881286621,5.227120876312256,4.37396764755249
77179.0,-0.4384847581386566,7.8526458740234375,5.831906795501709,4.613100528717041
77277.0,31.466814041137695,-1.155135154724121,4.143770694732666,4.613100528717041
77376.0,8.611170768737793,-0.8075776696205139,7.204190731048584,4.613100528717041
77474.0,-0.7728816866874695,-2.699103832244873,-2.472383975982666,4.58145809173584
77572.0,71.37849426269531,-5.081757068634033,-21.55035972595215,4.58145809173584
77670.0,8.606385231018066,1.587039589881897,1.1635099649429321,4.58145809173584
77769.0,9.632905960083008,2.5639095306396484,2.657827854156494,4.562526702880859
77868.0,3.326023578643799,-4.179663181304932,23.94976234436035,4.562526702880859
77967.0,9.964311599731445,-5.842076301574707,-10.241280555725098,4.562526702880859
78066.0,-1.755135416984558,4.0935211181640625,7.266404151916504,4.174397945404053
78165.0,-3.0526435375213623,-1.0055837631225586,7.200601577758789,4.174397945404053
78265.0,13.284353256225586,5.278566837310791,-10.77547836303711,4.174397945404053
78369.0,-7.200601577758789,-14.080564498901367,6.1603217124938965,3.9306728839874268
78467.0,6.577271461486816,3.5635111331939697,-2.6943182945251465,3.9306728839874268
78566.0,16.472190856933594,-7.832306861877441,-9.896116256713867,3.9306728839874268
78664.0,5.034498691558838,7.998608112335205,7.298707485198975,3.9306728839874268
78762.0,-6.961917400360107,-5.103890895843506,2.4029922485351562,3.777317762374878
78861.0,58.66603088378906,-1.604387640953064,-6.383452415466309,3.777317762374878
78962.0,-3.630510091781616,-4.087539196014404,3.8811583518981934,3.777317762374878
79061.0,-2.124826431274414,9.318249702453613,4.445266246795654,3.777317762374878
79161.0,39.182472229003906,-18.272790908813477,-2.700300455093384,3.777317762374878
79259.0,13.892129898071289,1.6139588356018066,2.720639228820801,3.777317762374878
79361.0,0.026919255033135414,-4.758726119995117,1.679761528968811,3.777317762374878
79458.0,35.13261795043945,-10.495518684387207,6.647859573364258,3.777317762374878
79556.0,3.4672000408172607,2.204387903213501,1.1306086778640747,3.777317762374878
79657.0,9.157332420349121,5.029115200042725,3.9535412788391113,3.777317762374878
79757.0,27.397220611572266,12.119647026062012,-13.230514526367188,3.777317762374878
79856.0,11.146366119384766,-0.9577272534370422,-1.5804593563079834,5.013813495635986
79954.0,2.7774689197540283,-2.237887382507324,3.6257245540618896,5.013813495635986
80052.0,1.6145570278167725,-0.12681959569454193,1.716252088546753,5.013813495635986
80152.0,10.907083511352539,3.726821184158325,-12.345767974853516,5.013813495635986
80253.0,-9.604789733886719,-8.83250617980957,-0.005383851006627083,5.013813495635986
80354.0,5.213960647583008,2.489732027053833,2.795415163040161,5.013813495635986
80453.0,19.759929656982422,-6.537789821624756,1.0510473251342773,5.013813495635986
80553.0,2.424527645111084,2.799004316329956,8.111668586730957,5.013813495635986
80652.0,-0.05024927482008934,1.2795618772506714,3.576073408126831,5.013813495635986
80750.0,45.3673210144043,1.155135154724121,2.468794822692871,5.013813495635986
80849.0,-0.22971096634864807,0.4019941985607147,-0.34636107087135315,5.287024974822998
80949.0,2.3132612705230713,6.5389862060546875,3.7196428775787354,5.287024974822998
81050.0,32.23371505737305,-1.9770697355270386,6.595217227935791,5.287024974822998
81148.0,9.041280746459961,-2.2169501781463623,3.958326816558838,5.287024974822998
81246.0,1.563111424446106,-4.1078782081604,1.6085749864578247,5.287024974822998
81344.0,36.434913635253906,-10.028918266296387,4.316651821136475,5.287024974822998
81443.0,12.55693531036377,-0.7058826684951782,-1.2047861814498901,5.287024974822998
81541.0,3.4911282062530518,0.7028916478157043,3.8530426025390625,5.287024974822998
81640.0,0.2763710021972656,-2.084746837615967,23.36052894592285,5.287024974822998
81741.0,5.3832526206970215,-2.001596212387085,-8.755936622619629,5.287024974822998
81846.0,1.511067509651184,6.908079147338867,10.12881851196289,4.891892433166504
81946.0,-1.2424731254577637,-3.8362929821014404,5.7517476081848145,4.891892433166504
82048.0,12.710674285888672,-1.2167502641677856,-6.530611038208008,4.891892433166504
82146.0,-10.066604614257812,-11.090134620666504,5.462215900421143,4.891892433166504
82244.0,1.5020943880081177,3.1244282722473145,1.8131613731384277,4.891892433166504
82344.0,31.054651260375977,-8.473583221435547,-4.997410297393799,3.949397563934326
82445.0,4.48414945602417,2.531008243560791,8.617751121520996,3.949397563934326
82543.0,-0.8913264274597168,-3.178266763687134,3.2506494522094727,3.949397563934326
82642.0,61.33402633666992,-1.5882359743118286,-28.01935577392578,3.949397563934326
82740.0,6.281159400939941,1.0103694200515747,-1.1306086778640747,3.949397563934326
82841.0,1.8083757162094116,4.1868414878845215,6.846463680267334,4.105748653411865
82941.0,23.455644607543945,4.281357765197754,-13.674981117248535,4.105748653411865
83043.0,13.2568359375,-3.3373894691467285,-2.3503501415252686,4.105748653411865
83140.0,1.6480566263198853,-2.6147570610046387,5.866602897644043,3.170802116394043
83239.0,-2.688934564590454,-6.716653347015381,25.412973403930664,3.170802116394043
83337.0,10.228120803833008,4.804787635803223,-4.680959224700928,3.170802116394043
83436.0,1.3250255584716797,-4.268197536468506,3.187838077545166,2.9427828788757324
83534.0,2.7631118297576904,-0.09870393574237823,12.150753021240234,2.9427828788757324
83633.0,14.981462478637695,-3.0556344985961914,-7.847859859466553,2.9427828788757324
83734.0,-5.360520839691162,4.1144585609436035,11.583654403686523,2.9427828788757324
83833.0,-7.739584922790527,-4.590630054473877,4.180859565734863,3.337076425552368
83932.0,27.168107986450195,3.1716864109039307,6.0879387855529785,3.337076425552368
84031.0,-2.4807589054107666,-4.207180500030518,2.8115665912628174,3.337076425552368
84129.0,-1.0612168312072754,7.281957626342773,5.970092296600342,3.1928868293762207
84231.0,27.876384735107422,-12.725628852844238,-1.033101201057434,3.1928868293762207
84331.0,10.576874732971191,3.6197423934936523,7.430910587310791,3.1928868293762207
84431.0,-2.6530420780181885,-2.472383975982666,0.2153540402650833,3.1934261322021484
84530.0,68.20741271972656,3.988237142562866,-23.255844116210938,3.1934261322021484
84632.0,10.60977554321289,-0.9684949517250061,3.0173492431640625,3.1934261322021484
84731.0,7.270591735839844,1.6259230375289917,-0.4007977843284607,3.252166271209717
84829.0,34.00440216064453,11.760125160217285,-12.644871711730957,3.252166271209717
84932.0,7.2951178550720215,1.740180253982544,-0.38703906536102295,3.252166271209717
85030.0,-0.4325026869773865,3.1411778926849365,2.9557342529296875,3.7225983142852783
85131.0,-0.4223332107067108,-4.42193603515625,6.104090690612793,3.7225983142852783
85230.0,10.162318229675293,3.3343982696533203,-6.588637351989746,3.7225983142852783
85331.0,-2.7672994136810303,-9.337990760803223,6.379863262176514,3.399947166442871
85430.0,6.727420806884766,0.20997019112110138,1.9016958475112915,3.399947166442871
85528.0,18.106489181518555,-4.807180881500244,-8.49152946472168,3.399947166442871
85627.0,4.405186653137207,6.527021884918213,4.999803066253662,3.233982801437378
85725.0,2.0410776138305664,2.3808584213256836,1.872383713722229,3.233982801437378
85824.0,29.88276481628418,0.37806597352027893,1.8185452222824097,3.1568191051483154
85923.0,-0.03409772366285324,-4.708476543426514,1.1617153882980347,3.1568191051483154
86021.0,3.5126636028289795,7.659425258636475,5.391029357910156,3.5213818550109863
86123.0,30.84707260131836,-1.444068431854248,7.1820573806762695,3.5213818550109863
86222.0,13.50868034362793,-0.859621524810791,2.7224340438842773,3.5213818550109863
86321.0,3.76570463180542,-4.4512481689453125,8.804988861083984,3.484241485595703
86420.0,-2.6709883213043213,-5.946164131164551,13.482358932495117,3.484241485595703
86518.0,15.960724830627441,4.01754903793335,-2.685943365097046,3.484241485595703
86616.0,-0.3068794906139374,-7.5804619789123535,6.820741176605225,3.4594008922576904
86715.0,2.837887763977051,1.3423734903335571,3.6161532402038574,3.4594008922576904
86813.0,20.821744918823242,-2.8037898540496826,-8.45743179321289,3.7697834968566895
86913.0,5.482554912567139,2.513062000274658,9.236295700073242,4.021967887878418
87014.0,-4.576871395111084,-0.9864411354064941,0.30628129839897156,4.021967887878418
87113.0,44.754756927490234,3.67238450050354,7.392027378082275,4.021967887878418
87212.0,5.0638108253479,-2.2845473289489746,3.4139597415924072,4.021967887878418
87310.0,2.568096876144409,4.9980082511901855,5.993422508239746,3.651540517807007
87411.0,18.061622619628906,14.707484245300293,-14.466407775878906,3.651540517807007
87509.0,8.062616348266602,-5.242674350738525,-6.243472576141357,3.651540517807007
87610.0,2.6901309490203857,-8.152944564819336,9.220742225646973,3.651540517807007
87710.0,15.73998737335205,-6.116652965545654,18.027524948120117,3.651540517807007
87808.0,12.537792205810547,5.91924524307251,0.9906286001205444,4.067994117736816
87907.0,15.092130661010742,3.1447670459747314,-4.376472473144531,4.305924415588379
88005.0,9.686744689941406,4.651647090911865,19.317855834960938,4.305924415588379
88103.0,15.970296859741211,-2.83669114112854,-11.477771759033203,4.305924415588379
88204.0,-1.2095718383789062,5.78644323348999,2.472383975982666,4.305924415588379
88305.0,-5.8923258781433105,-0.885344386100769,9.098708152770996,3.8234567642211914
88404.0,19.849660873413086,5.219942569732666,-8.683553695678711,3.8234567642211914
88502.0,-9.351150512695312,-16.475780487060547,7.448258876800537,3.8234567642211914
88603.0,5.438885688781738,3.5066816806793213,-0.5365904569625854,3.6016199588775635
88703.0,32.8385009765625,-13.071990013122559,-11.4981107711792,3.6016199588775635
88805.0,8.346165657043457,4.584648132324219,7.091728210449219,4.608828067779541
88905.0,-7.506284713745117,-4.940580368041992,6.367300987243652,4.608828067779541
89004.0,74.4113998413086,7.306483745574951,-31.200014114379883,4.608828067779541
89104.0,-3.9152560234069824,-2.4735803604125977,4.536193370819092,4.608828067779541
89202.0,-2.988635540008545,9.474381446838379,3.840480327606201,4.608828067779541
89301.0,30.335607528686523,5.169095039367676,7.109674453735352,4.608828067779541
89400.0,10.75813102722168,-0.7423732280731201,1.1162517070770264,4.608828067779541
89502.0,2.6530420780181885,-3.1998021602630615,2.609971284866333,4.608828067779541
89601.0,30.061031341552734,-9.168100357055664,22.047468185424805,4.608828067779541
89700.0,10.188638687133789,2.3718855381011963,-0.014356935396790504,4.608828067779541
89798.0,7.397411346435547,3.8811583518981934,-1.5236297845840454,5.914474964141846
89897.0,-0.9678967595100403,-2.8277182579040527,14.20738410949707,5.914474964141846
89996.0,13.106087684631348,-13.362717628479004,-11.245668411254883,5.914474964141846
90094.0,-3.528815269470215,7.162914752960205,16.66242027282715,5.914474964141846
90194.0,-3.793222188949585,-1.8616160154342651,-2.657827854156494,5.914474964141846
90294.0,34.362728118896484,10.265209197998047,0.9296116232872009,5.914474964141846
90392.0,-7.118647575378418,-5.877968788146973,16.04148292541504,5.914474964141846
90492.0,-3.6981074810028076,7.596015453338623,11.315658569335938,5.914474964141846
90592.0,28.558338165283203,4.976472854614258,21.416959762573242,5.914474964141846
90692.0,14.023735046386719,-1.3495519161224365,0.7357929348945618,5.914474964141846
90792.0,2.554936408996582,-2.600399971008301,2.2187447547912598,6.0797810554504395
90890.0,-1.1353943347930908,-16.139589309692383,44.54718017578125,6.0797810554504395
90990.0,10.450055122375488,2.492722988128662,3.01196551322937,6.0797810554504395
91090.0,14.090136528015137,0.5144568681716919,0.5635097622871399,6.0797810554504395
91191.0,2.7493531703948975,-2.4394826889038086,9.740582466125488,6.0797810554504395
91290.0,15.902101516723633,-11.027322769165039,-16.753347396850586,6.0797810554504395
91389.0,-0.3433700501918793,7.277770042419434,7.688138961791992,6.0797810554504395
91488.0,-7.427919864654541,-2.242672920227051,3.6957144737243652,6.0797810554504395
91587.0,17.316858291625977,10.094121932983398,-6.661019802093506,6.0797810554504395
91685.0,-12.004193305969238,-18.56291961669922,2.7571299076080322,6.0797810554504395
91783.0,-2.7224340438842773,7.7730841636657715,2.6775684356689453,5.924830436706543
91881.0,31.092336654663086,-15.39362621307373,-13.511073112487793,5.924830436706543
91979.0,11.318649291992188,-1.7491533756256104,12.663415908813477,5.924830436706543
92079.0,2.235494613647461,-5.951548099517822,0.8841479420661926,5.924830436706543
92177.0,71.8947525024414,6.830312252044678,-33.33321762084961,5.924830436706543
92276.0,4.047459602355957,0.32123643159866333,2.575275421142578,5.924830436706543
92374.0,5.051846981048584,7.380063056945801,5.228915691375732,5.924830436706543
92475.0,20.025531768798828,6.709474563598633,-10.76411247253418,5.924830436706543
92573.0,11.979666709899902,-7.294519901275635,-4.0558342933654785,5.924830436706543
92673.0,5.089533805847168,0.9320043921470642,5.723631858825684,5.924830436706543
92772.0,26.260629653930664,-18.19322967529297,32.01836013793945,5.924830436706543
92870.0,13.868202209472656,2.5878376960754395,-0.8279166221618652,5.406292915344238
92970.0,10.055837631225586,4.668995380401611,-0.2961117923259735,5.406292915344238
93070.0,-0.16450655460357666,-1.2370892763137817,13.882558822631836,5.406292915344238
93170.0,11.464611053466797,-7.061817646026611,-10.935199737548828,5.406292915344238
93268.0,2.0757737159729004,7.034300327301025,5.855237007141113,5.406292915344238
93369.0,-5.938387393951416,-5.908477306365967,5.654240131378174,5.406292915344238
93469.0,13.88196086883545,6.0400824546813965,-5.715256690979004,5.406292915344238
93569.0,-15.592828750610352,-20.684755325317383,10.341180801391602,5.406292915344238
93667.0,-3.064607620239258,2.612962245941162,9.81356430053711,5.406292915344238
93767.0,18.985851287841797,-6.911069869995117,-12.439088821411133,5.406292915344238
93867.0,-3.8596229553222656,3.535395383834839,15.362519264221191,5.163196563720703
93967.0,-1.5756736993789673,-5.0015974044799805,3.6538400650024414,5.163196563720703
94067.0,48.82434844970703,7.917252063751221,28.737201690673828,5.163196563720703
94166.0,-7.41416072845459,-8.057231903076172,6.844669342041016,5.163196563720703
94266.0,-2.1607189178466797,11.283953666687012,0.900897741317749,5.163196563720703
94366.0,37.574493408203125,0.22372891008853912,15.768102645874023,5.163196563720703
94466.0,11.048260688781738,-2.2785654067993164,4.712066173553467,5.163196563720703
94567.0,1.551147222518921,-3.5605201721191406,-1.1575279235839844,5.163196563720703
94668.0,79.85208129882812,-1.5439687967300415,-28.555347442626953,5.163196563720703
94767.0,4.497310161590576,0.5790630578994751,2.8492536544799805,5.163196563720703
94869.0,5.062016487121582,10.916655540466309,6.286543369293213,5.8817138671875
94966.0,21.95474624633789,-2.8636105060577393,15.594025611877441,5.8817138671875
95064.0,14.880365371704102,-2.781656265258789,-0.8793623447418213,5.8817138671875
95163.0,2.830709218978882,-2.6362924575805664,3.0245277881622314,5.8817138671875
95262.0,-1.5433706045150757,-10.826326370239258,37.248470306396484,5.8817138671875
95363.0,7.5272216796875,2.3563320636749268,1.114457130432129,5.8817138671875
95462.0,8.996415138244629,4.2592244148254395,-1.7892330884933472,5.8817138671875
95561.0,31.630722045898438,14.938989639282227,-23.97548484802246,5.8817138671875
95659.0,6.943971157073975,-4.348955154418945,-1.0265209674835205,5.8817138671875
95757.0,0.8668000102043152,1.6378871202468872,4.196412563323975,5.8817138671875
95856.0,-6.863213539123535,-3.556332588195801,10.945368766784668,5.70282506942749
95956.0,11.70987606048584,2.9186453819274902,-6.271588325500488,5.70282506942749
96054.0,-7.886145114898682,-7.802396297454834,10.948360443115234,5.70282506942749
96155.0,-3.941577196121216,1.0606186389923096,11.234302520751953,5.70282506942749
96255.0,19.7742862701416,-5.465207099914551,-13.11266803741455,5.70282506942749
96353.0,-2.012363910675049,1.6510475873947144,13.12822151184082,5.70282506942749
96451.0,1.6923238039016724,-1.797009825706482,-2.5405795574188232,5.70282506942749
96549.0,64.50093078613281,1.0348957777023315,6.687341213226318,5.70282506942749
96648.0,4.945366382598877,-3.988835334777832,-0.9589236974716187,5.70282506942749
96750.0,3.224926710128784,8.206783294677734,6.295516490936279,5.70282506942749
96848.0,3.3302109241485596,-0.8135597109794617,19.004396438598633,5.684579372406006
96947.0,13.213765144348145,0.6065805554389954,-9.497113227844238,5.684579372406006
97046.0,7.81974458694458,0.13459627330303192,5.101497650146484,5.684579372406006
97144.0,-12.052647590637207,-9.561120986938477,24.933809280395508,5.684579372406006
97243.0,14.176876068115234,2.420340061187744,-2.251646041870117,5.684579372406006
97345.0,-1.0660024881362915,-4.198207378387451,9.704092025756836,5.684579372406006
97443.0,-3.0484559535980225,2.7397818565368652,0.3810569941997528,5.684579372406006
97541.0,39.322452545166016,-11.912069320678711,-10.06421184539795,5.684579372406006
97642.0,3.809971809387207,6.0610198974609375,14.143974304199219,5.684579372406006
97742.0,-4.339384078979492,-1.6414763927459717,2.4993033409118652,5.684579372406006
97842.0,28.301109313964844,13.719846725463867,12.290135383605957,5.425070285797119
97941.0,-5.73978328704834,-8.431110382080078,4.164707660675049,5.425070285797119
98043.0,-0.3810569941997528,11.842677116394043,3.2967114448547363,5.425070285797119
98143.0,28.379474639892578,-12.125030517578125,-7.372884750366211,5.425070285797119
98242.0,15.220745086669922,0.924227774143219,8.779266357421875,5.425070285797119
98341.0,2.225325107574463,-6.974479675292969,0.19561325013637543,5.425070285797119
98439.0,-4.283750534057617,-12.052647590637207,38.569908142089844,5.425070285797119
98537.0,3.6741790771484375,3.696312665939331,-0.1740778535604477,5.425070285797119
98637.0,13.496716499328613,4.001397609710693,2.3126630783081055,5.425070285797119
98737.0,10.59960651397705,4.621737003326416,15.305689811706543,5.425070285797119
98837.0,9.607781410217285,-1.4656038284301758,-2.702693223953247,4.856032848358154
98935.0,8.185846328735352,1.827518343925476,5.434698581695557,4.856032848358154
99033.0,-3.497708559036255,-1.6707884073257446,9.05862808227539,4.856032848358154
99131.0,16.27059555053711,4.946562767028809,-7.956135272979736,4.856032848358154
99230.0,-10.587641716003418,-11.962916374206543,6.507281303405762,4.856032848358154
99330.0,-3.404986619949341,6.274579048156738,0.8099704384803772,4.856032848358154
99430.0,27.666414260864258,-15.287145614624023,-10.529616355895996,4.856032848358154
99530.0,5.709873199462891,7.246065139770508,10.36630630493164,4.856032848358154
99630.0,0.20518454909324646,-0.8584251403808594,0.5054838061332703,4.856032848358154
99728.0,58.71268844604492,5.685346603393555,-13.99801254272461,4.856032848358154
99829.0,10.701899528503418,1.4135600328445435,2.6362924575805664,5.085558891296387
99929.0,1.9453648328781128,12.270394325256348,4.883152961730957,5.085558891296387
100027.0,29.282167434692383,-6.589833736419678,7.1718878746032715,5.085558891296387
100126.0,14.847464561462402,-1.516451358795166,2.1780667304992676,5.085558891296387
100224.0,5.114658355712891,-0.22552353143692017,12.519248008728027,5.085558891296387