101.0,1.5463616847991943,-3.9870407581329346,0.582054078578949,2.7996981143951416
201.0,34.34477996826172,0.5551348328590393,6.228517532348633,2.7996981143951416
299.0,14.350954055786133,0.37806597352027893,3.696312665939331,2.7996981143951416
397.0,-3.473181962966919,0.4127618968486786,-6.427121639251709,2.7996981143951416
497.0,5.465207099914551,0.23808585107326508,6.226722717285156,2.7996981143951416
597.0,29.472993850708008,-2.1194427013397217,9.41336441040039,2.7996981143951416
696.0,13.076177597045898,-3.9732820987701416,-8.10389232635498,2.7996981143951416
797.0,-4.559523582458496,-2.1996021270751953,-4.384249210357666,2.7996981143951416
895.0,7.314858913421631,-2.355135679244995,14.692529678344727,3.0024187564849854
994.0,16.921443939208984,0.882951557636261,-3.2099716663360596,3.0024187564849854
1094.0,-0.5814558863639832,-3.078366279602051,-0.641276478767395,3.0024187564849854
1193.0,1.7198412418365479,3.294916868209839,5.078167915344238,3.0024187564849854
1293.0,23.52623176574707,5.140979290008545,-14.589637756347656,3.0024187564849854
1391.0,14.209178924560547,2.7433712482452393,-1.3244273662567139,3.0024187564849854
1490.0,1.134796142578125,4.782055854797363,0.997208833694458,3.0024187564849854
1589.0,0.8530412912368774,-2.913261651992798,-0.638883650302887,3.0024187564849854
1689.0,27.940990447998047,2.9832515716552734,13.278968811035156,3.0024187564849854
1788.0,11.566306114196777,2.1170499324798584,-0.3361915946006775,3.0024187564849854
1887.0,-2.035095691680908,0.16869398951530457,0.24227328598499298,3.0396182537078857
1986.0,5.581857204437256,2.0267207622528076,9.167501449584961,3.0396182537078857
2085.0,17.438892364501953,0.9445667266845703,-1.8137595653533936,3.0396182537078857
2183.0,5.493322372436523,-0.1010967567563057,-0.40259242057800293,3.0396182537078857
2281.0,-0.11605189740657806,0.641276478767395,2.462812662124634,3.0396182537078857
2379.0,10.99442195892334,-6.705885410308838,20.468204498291016,3.0396182537078857
2477.0,16.624135971069336,1.2323036193847656,-0.4701896607875824,3.0396182537078857
2577.0,-1.8628123998641968,-3.569493293762207,-1.1437692642211914,3.0396182537078857
2679.0,5.723033428192139,5.021936416625977,4.502694129943848,3.0396182537078857
2780.0,24.102903366088867,-0.8015955686569214,-8.775676727294922,3.0396182537078857
2880.0,12.986446380615234,0.5048855543136597,0.03529413416981697,3.019896984100342
2978.0,1.7748762369155884,2.929413080215454,-0.8135597109794617,3.019896984100342
3077.0,2.919243574142456,-2.472982168197632,1.9561325311660767,3.019896984100342
3175.0,27.002405166625977,1.7365909814834595,8.281558990478516,2.9486191272735596
3273.0,11.251649856567383,0.014356935396790504,-0.5569294691085815,2.9486191272735596
3374.0,-0.4941178858280182,0.05503492057323456,-0.39960137009620667,2.9486191272735596
3472.0,5.549553871154785,1.4656038284301758,8.198408126831055,2.9486191272735596
3572.0,16.364513397216797,2.3844478130340576,-1.0235298871994019,2.499624729156494
3673.0,6.013163089752197,-2.427518606185913,-0.04666004329919815,2.499624729156494
3771.0,0.018544375896453857,-1.4775680303573608,4.423730850219727,2.499624729156494
3871.0,12.641282081604004,-3.900300979614258,17.949161529541016,2.7012522220611572
3970.0,14.032708168029785,-0.6759724020957947,-0.4743770956993103,2.650881767272949
4068.0,-3.284747362136841,-2.5160529613494873,-1.6654045581817627,2.650881767272949
4167.0,8.307880401611328,4.88554573059082,0.8075776696205139,2.650881767272949
4266.0,27.360132217407227,-3.6221351623535156,3.366701364517212,2.650881767272949
4366.0,13.02951717376709,-1.2759727239608765,0.5712863802909851,2.5736517906188965
4464.0,-0.017946170642971992,0.7561319470405579,1.246660590171814,2.5736517906188965
4563.0,3.548556089401245,-3.4277184009552,4.263411521911621,2.5736517906188965
4661.0,20.496320724487305,-0.8955138921737671,4.4189453125,2.500977039337158
4762.0,4.7264227867126465,-2.6117658615112305,-0.06759724020957947,2.500977039337158
4862.0,-1.3130614757537842,-1.2370892763137817,5.688337802886963,2.464043378829956
4961.0,5.394618511199951,1.9280169010162354,15.922440528869629,2.464043378829956
5060.0,12.972687721252441,1.867598056793213,-5.229514122009277,2.4162802696228027
5158.0,5.782854080200195,2.021935224533081,0.27756741642951965,2.4162802696228027
5259.0,0.9511470198631287,-2.80977201461792,2.9042885303497314,2.4162802696228027
5359.0,44.86961364746094,3.3032915592193604,-18.91466522216797,2.4162802696228027
5459.0,12.507882118225098,0.3206382393836975,0.3158525824546814,2.3737053871154785
5559.0,-6.952346324920654,-1.1419745683670044,-0.3152543902397156,2.3737053871154785
5658.0,5.7134623527526855,-1.0863415002822876,2.7738797664642334,2.3737053871154785
5756.0,22.44407844543457,-1.592423439025879,1.1353943347930908,2.3737053871154785
5854.0,10.578668594360352,-5.361119270324707,-0.1621137410402298,2.3292715549468994
5952.0,-1.8598214387893677,-1.591825246810913,3.762713670730591,2.3292715549468994
6052.0,7.429116249084473,-3.0628130435943604,7.798209190368652,2.3292715549468994
6152.0,17.194225311279297,-0.053240302950143814,-2.365305185317993,2.556325912475586
6251.0,-0.001794616924598813,-2.678166627883911,-0.534795880317688,2.556325912475586
6348.0,3.2063822746276855,2.0578274726867676,6.443273067474365,2.556325912475586
6448.0,20.84746742248535,-0.7322037220001221,-2.709273338317871,2.556325912475586
6549.0,15.3218412399292,1.2185449600219727,-2.0476579666137695,2.530280828475952
6651.0,1.2424731254577637,3.8087754249572754,0.8883354067802429,2.530280828475952
6750.0,2.4783661365509033,2.1296122074127197,-1.6241283416748047,2.530280828475952
6851.0,25.837100982666016,-0.1663011759519577,7.788039684295654,2.787595272064209
6952.0,9.553942680358887,0.34995031356811523,-0.5395814776420593,2.787595272064209
7051.0,-1.5032907724380493,0.2315055876970291,1.9304096698760986,2.787595272064209
7152.0,7.716853141784668,4.913063049316406,6.636493682861328,2.787595272064209
7252.0,15.26919937133789,3.972683906555176,-3.6957144737243652,2.961592674255371
7352.0,2.5459632873535156,1.9824535846710205,0.005383851006627083,2.961592674255371
7453.0,1.150349497795105,-0.3690928816795349,1.7048860788345337,2.961592674255371
7553.0,40.64747619628906,1.5708880424499512,-14.477174758911133,2.961592674255371
7651.0,12.489935874938965,0.9020941257476807,0.3361915946006775,2.564771890640259
7749.0,-3.105883836746216,-1.3232308626174927,-1.4075778722763062,2.564771890640259
7854.0,6.710072994232178,1.2023934125900269,2.000998020172119,2.6922006607055664
7954.0,18.868003845214844,1.4003994464874268,-0.6065805554389954,2.6922006607055664
8055.0,7.881359577178955,-2.9479575157165527,0.3116651475429535,2.7997052669525146
8155.0,-0.778863787651062,-3.1645078659057617,4.304089546203613,2.7997052669525146
8253.0,11.1373929977417,-3.5030922889709473,21.486351013183594,2.7997052669525146
8354.0,15.123237609863281,0.5724828243255615,-1.4949159622192383,2.9043843746185303
8452.0,-2.2995026111602783,-3.360121250152588,-0.2763710021972656,2.9043843746185303
8550.0,6.131608009338379,4.485345840454102,5.059025287628174,2.9043843746185303
8649.0,32.37189865112305,-6.49770975112915,-1.4919248819351196,2.9043843746185303
8748.0,13.1096773147583,-0.06281159073114395,-0.03290131315588951,2.63063383102417
8846.0,-2.197209358215332,2.3808584213256836,0.16749759018421173,2.5481109619140625
8948.0,3.4911282062530518,-1.0408778190612793,0.0849452018737793,2.5481109619140625
9048.0,20.5435791015625,-0.4133601188659668,0.8542376756668091,2.5481109619140625
9147.0,3.4576287269592285,-2.822932481765747,0.34277185797691345,2.5936577320098877
9246.0,0.7411768436431885,1.5242279767990112,6.901498794555664,2.5936577320098877
9344.0,15.802799224853516,5.796014785766602,-2.984447956085205,2.5936577320098877
9442.0,14.374283790588379,3.0376882553100586,-4.207778453826904,2.6382579803466797
9542.0,2.7014968395233154,3.139981508255005,-0.11485548317432404,2.6382579803466797
9640.0,0.7495517134666443,-3.2237303256988525,0.4731806814670563,2.6382579803466797
9738.0,41.8199577331543,3.5306098461151123,6.504888534545898,2.6382579803466797
9837.0,13.255041122436523,-0.2757728099822998,-0.7872386574745178,2.511794090270996
9935.0,-5.585446357727051,0.7148557901382446,-0.3032902777194977,2.511794090270996
10036.0,4.906482696533203,0.13280165195465088,3.3756744861602783,2.511794090270996
10137.0,21.75135612487793,-0.7956135272979736,3.606581926345825,2.644498348236084
10237.0,9.787840843200684,-3.1483564376831055,4.804787635803223,2.644498348236084
10336.0,-1.51166570186615,-3.0424740314483643,4.825725078582764,2.644498348236084
10435.0,7.4225358963012695,-7.681559085845947,23.37428855895996,2.644498348236084
10533.0,14.655440330505371,1.022931694984436,-3.630510091781616,2.5284533500671387
10632.0,-1.290927767753601,-3.9014973640441895,-0.46420758962631226,2.5284533500671387
10732.0,5.937789440155029,3.3266217708587646,4.987240791320801,2.5284533500671387
10832.0,35.89293670654297,-9.229117393493652,-2.7110681533813477,2.5284533500671387
10931.0,11.668600082397461,0.8656035661697388,1.820937991142273,2.7115302085876465
11030.0,-3.0448668003082275,0.9224331378936768,1.2717852592468262,2.7115302085876465
11128.0,2.1433708667755127,-0.0771685317158699,-1.542174220085144,2.7115302085876465
11227.0,23.971296310424805,-0.9990034699440002,7.3645100593566895,2.7115302085876465
11328.0,9.454042434692383,0.6993024349212646,-0.2356930375099182,2.937232494354248
11429.0,-2.0398812294006348,1.9142581224441528,4.3172502517700195,2.937232494354248
11526.0,8.112865447998047,4.12761926651001,1.978864312171936,2.937232494354248
11626.0,15.843477249145508,3.6131622791290283,-3.9774694442749023,2.748883008956909
11725.0,1.6259230375289917,2.307877540588379,1.1808580160140991,2.748883008956909
11824.0,1.5882359743118286,-2.7637102603912354,0.16929219663143158,2.748883008956909
11922.0,48.3858642578125,-0.0975075215101242,-20.599809646606445,2.6481778621673584
12021.0,11.478968620300293,0.8602197170257568,-1.0863415002822876,2.634347438812256
12121.0,-3.9840497970581055,-1.9100706577301025,-0.5335994362831116,2.634347438812256
12221.0,6.116652965545654,0.6317051649093628,-2.9210381507873535,2.634347438812256
12320.0,23.21038055419922,-0.10289137065410614,1.8251254558563232,2.634347438812256
12418.0,8.590232849121094,-2.5405795574188232,-0.06939185410737991,2.6167659759521484
12519.0,-0.7070791125297546,-2.500499725341797,4.7988057136535645,2.6167659759521484
12617.0,11.718250274658203,-5.385047435760498,27.149564743041992,2.6167659759521484
12716.0,13.564312934875488,-0.6215356588363647,-2.612962245941162,2.4968695640563965
12813.0,-2.5058834552764893,-2.9341988563537598,0.2566302418708801,2.4968695640563965
12912.0,6.250650882720947,2.8773691654205322,3.545564889907837,2.5600459575653076
13010.0,30.448667526245117,-6.604190349578857,-1.516451358795166,2.5600459575653076
13111.0,12.620943069458008,-3.0753753185272217,-0.11485548317432404,2.617032289505005
13211.0,-0.9577272534370422,-1.4422738552093506,4.705485820770264,2.617032289505005
13310.0,0.7136593461036682,-1.1120643615722656,1.6630117893218994,2.617032289505005
13412.0,19.047466278076172,0.1986042857170105,-3.1651060581207275,2.617032289505005
13513.0,1.8185452222824097,-3.1238300800323486,-0.41216370463371277,2.670104742050171
13611.0,4.8436713218688965,4.360321044921875,5.636293888092041,2.670104742050171
13710.0,31.4733943939209,-5.2283172607421875,-2.7864420413970947,2.670104742050171
13808.0,10.63669490814209,-1.0719845294952393,-0.5730810165405273,2.5940306186676025
13907.0,-0.4654040038585663,1.8047864437103271,3.580260992050171,2.5940306186676025
14005.0,0.09152546525001526,-1.5361921787261963,1.470389485359192,2.5940306186676025
14104.0,20.642881393432617,-0.29730820655822754,1.3950155973434448,2.5940306186676025
14205.0,1.5284154415130615,-6.233901023864746,0.22133609652519226,2.8785202503204346
14304.0,1.205384373664856,4.310669898986816,5.208576679229736,2.8785202503204346
14402.0,12.89372444152832,4.140181541442871,-1.771286964416504,2.8785202503204346
14500.0,13.288540840148926,2.843869686126709,-4.150949001312256,2.8212199211120605
14602.0,1.2903295755386353,2.770888566970825,-0.04426721855998039,2.8212199211120605
14700.0,0.9577272534370422,-2.8971099853515625,-0.039481572806835175,2.8212199211120605
14798.0,20.318056106567383,0.3523431420326233,4.118646144866943,2.8212199211120605
14896.0,6.45523738861084,-2.0542383193969727,-0.8602197170257568,2.779604434967041
14997.0,1.0277173519134521,0.2727817893028259,3.692723512649536,2.779604434967041
15098.0,17.951553344726562,7.673183917999268,0.3026920557022095,2.779604434967041
15198.0,13.073186874389648,3.3888349533081055,-3.930211305618286,2.909404754638672
15296.0,-1.83828604221344,3.064009428024292,0.7447660565376282,2.909404754638672
15397.0,-0.02632104977965355,-0.9337990283966064,-0.6879364848136902,2.909404754638672
15495.0,30.486953735351562,1.3752747774124146,8.662615776062012,2.909404754638672
15593.0,9.528220176696777,1.4793626070022583,-0.6699903607368469,2.8369052410125732
15691.0,-2.122433662414551,-0.5228317379951477,0.11186445504426956,2.8369052410125732
15789.0,2.166700839996338,1.2023934125900269,13.02532958984375,2.8369052410125732
15889.0,14.100305557250977,2.9970104694366455,-3.634697675704956,2.9541664123535156
15987.0,4.612165451049805,-1.3495519161224365,0.8727820515632629,3.034440755844116
16086.0,1.6666009426116943,0.1908276081085205,2.3994028568267822,3.034440755844116
16185.0,33.513275146484375,1.9669002294540405,-11.925230026245117,3.034440755844116
16283.0,14.980266571044922,0.45104706287384033,0.4534398913383484,3.113478422164917
16381.0,-5.867799282073975,-4.007379531860352,1.3872389793395996,3.113478422164917
16481.0,4.972883701324463,2.2307088375091553,-2.964707374572754,3.113478422164917
16579.0,32.88575744628906,-4.866403102874756,5.2869415283203125,3.113478422164917
16677.0,9.429515838623047,0.16749759018421173,1.6013965606689453,2.940005302429199
16776.0,-0.4821537733078003,-2.825923442840576,4.457230567932129,2.940005302429199
16876.0,1.578664779663086,1.1880364418029785,-0.08195417374372482,3.0287060737609863
16975.0,14.10568904876709,1.0971091985702515,-5.749952793121338,3.092904567718506
17074.0,0.48574298620224,-3.7818562984466553,0.3643072545528412,3.092904567718506
17173.0,3.2991042137145996,4.47278356552124,5.818148136138916,3.092904567718506
17273.0,32.44727325439453,-4.607379913330078,-3.4785659313201904,3.092904567718506
17374.0,13.145569801330566,0.8799605369567871,-0.1908276081085205,3.1523001194000244
17473.0,-2.9724838733673096,3.9008991718292236,-0.3290131092071533,3.1523001194000244
17571.0,0.8141579031944275,-3.160320520401001,-0.3936193287372589,3.1523001194000244
17671.0,18.00838279724121,1.1766705513000488,0.5676971673965454,3.1523001194000244
17770.0,1.3160524368286133,-3.077169895172119,-2.215155601501465,2.8841824531555176
17868.0,2.0099709033966064,3.6472599506378174,3.8045880794525146,2.9601690769195557
17967.0,21.71127700805664,9.127422332763672,5.50648307800293,2.9601690769195557
18066.0,11.230114936828613,3.5880374908447266,-4.7796630859375,3.0316579341888428
18164.0,-0.16151553392410278,2.974278450012207,1.5355939865112305,3.0316579341888428
18262.0,0.8656035661697388,-0.3236292600631714,-1.6247265338897705,3.0316579341888428
18360.0,22.600807189941406,0.5174478888511658,5.744568824768066,3.0316579341888428
18458.0,8.777471542358398,-0.8739784955978394,-0.623330295085907,3.0971693992614746
18556.0,-1.9627127647399902,0.8632107973098755,5.07517671585083,3.0971693992614746
18655.0,14.398810386657715,6.339783668518066,-3.3302109241485596,3.0971693992614746
18754.0,13.893924713134766,4.253840446472168,-4.164707660675049,3.0971693992614746
18852.0,2.072782516479492,2.4526431560516357,0.5790630578994751,2.907423496246338
18952.0,2.0757737159729004,-3.3517463207244873,-0.12622138857841492,2.907423496246338
19051.0,46.80720138549805,4.695914268493652,1.2843475341796875,2.907423496246338
19150.0,11.995818138122559,-0.6305087804794312,-0.5772684812545776,2.9653711318969727
19251.0,-3.981656789779663,0.08075776696205139,0.1986042857170105,2.9653711318969727
19350.0,4.000799655914307,-0.001794616924598813,3.9744784832000732,2.9653711318969727
19449.0,15.290735244750977,-0.9308080077171326,-3.147160053253174,2.9653711318969727
19547.0,6.254240036010742,-1.9208383560180664,1.5894324779510498,2.9653711318969727
19648.0,1.0265209674835205,-2.3880369663238525,5.990431308746338,2.9653711318969727
19748.0,36.72324752807617,5.845067501068115,-2.495713949203491,2.9653711318969727
19849.0,12.625130653381348,-0.9050851464271545,0.18903298676013947,2.8017494678497314
19948.0,-2.2791635990142822,1.4584254026412964,-0.40737804770469666,2.8017494678497314
20048.0,4.351347923278809,0.003589233849197626,12.05803108215332,2.8017494678497314
20149.0,17.062620162963867,0.6227321028709412,3.8590247631073,2.8017494678497314
20251.0,4.161716938018799,0.2231307178735733,9.384052276611328,3.154540777206421
20350.0,2.8109683990478516,-3.8321053981781006,10.782058715820312,3.154540777206421
20449.0,37.77070617675781,8.476573944091797,-23.867210388183594,3.154540777206421
20547.0,13.837693214416504,-3.2069804668426514,0.7776673436164856,3.081057071685791
20648.0,-4.642076015472412,0.26500511169433594,0.7962117195129395,3.081057071685791
20749.0,4.801198482513428,1.1132607460021973,-2.2271196842193604,3.081057071685791
20847.0,26.70868682861328,-5.5136613845825195,2.0333011150360107,3.2044289112091064
20945.0,10.049257278442383,-1.547558069229126,0.857228696346283,3.2044289112091064
21046.0,-1.332203984260559,-2.376072883605957,4.55055046081543,3.2044289112091064
21144.0,7.862216949462891,-6.4564337730407715,24.859033584594727,3.2044289112091064
21242.0,16.343576431274414,-1.373480200767517,-3.7710886001586914,3.390310287475586
21341.0,-2.772084951400757,-3.779463291168213,1.0259226560592651,3.390310287475586
21440.0,4.283750534057617,4.280161380767822,5.84446907043457,3.390310287475586
21540.0,34.637901306152344,-9.841081619262695,-2.3461625576019287,3.390310287475586
21638.0,13.274782180786133,0.7423732280731201,0.059820566326379776,2.8246257305145264
21739.0,-1.922034740447998,1.6115660667419434,2.404188632965088,2.8246257305145264
21837.0,3.3583266735076904,-4.887938499450684,6.5252275466918945,2.8246257305145264
21938.0,16.49073600769043,-1.8903298377990723,-1.7796618938446045,2.8899996280670166
22039.0,-1.2873386144638062,-3.5198421478271484,-1.825723648071289,2.8899996280670166
22140.0,1.4739787578582764,4.480560302734375,7.129415035247803,2.8899996280670166
22238.0,26.435306549072266,-9.680164337158203,-1.8628123998641968,2.8899996280670166
22339.0,14.000405311584473,0.9194421172142029,0.47916272282600403,3.103132724761963
22437.0,-1.5738791227340698,0.33379876613616943,3.6915271282196045,3.103132724761963
22536.0,1.8161523342132568,-3.3924243450164795,6.781259536743164,3.103132724761963
22634.0,16.777873992919922,-0.6293123364448547,-4.840082168579102,3.103132724761963
22734.0,0.11964113265275955,-3.424727439880371,-0.046061836183071136,2.7331550121307373
22833.0,0.857228696346283,4.9160542488098145,7.410571575164795,2.7331550121307373
22934.0,28.87778091430664,-1.1928220987319946,0.6191428303718567,2.9508402347564697
23032.0,11.839686393737793,1.0845468044281006,0.26500511169433594,3.098928928375244
23133.0,-3.2105698585510254,2.5573291778564453,2.325225353240967,3.098928928375244
23234.0,2.5669004917144775,-5.124827861785889,5.3246283531188965,3.098928928375244
23334.0,15.199807167053223,1.181456208229065,-3.0723843574523926,3.098928928375244
23434.0,-1.2891331911087036,-3.0628130435943604,-0.6406782865524292,3.1980342864990234
23532.0,2.9186453819274902,5.071587562561035,5.281557559967041,3.1980342864990234
23630.0,24.89672088623047,-6.5629143714904785,-1.3621143102645874,3.1980342864990234
23730.0,15.439687728881836,2.101496458053589,-0.41934216022491455,2.6988041400909424
23830.0,-2.008774518966675,4.0456647872924805,3.1136605739593506,2.6988041400909424
23928.0,1.470389485359192,-1.597209095954895,-1.4709876775741577,3.1674418449401855
24026.0,21.453449249267578,1.1455638408660889,6.247061729431152,3.1674418449401855
24125.0,2.6638097763061523,-2.5567309856414795,-1.4584254026412964,3.5010592937469482
24223.0,0.5024927258491516,2.2815563678741455,5.224728107452393,3.5010592937469482
24321.0,19.111474990844727,6.1124653816223145,-2.4155545234680176,3.5010592937469482
24420.0,13.243077278137207,4.251447677612305,-3.8333017826080322,3.7098915576934814
24519.0,0.7082754969596863,3.6299118995666504,0.053240302950143814,3.7098915576934814
24618.0,1.683350682258606,-2.183450698852539,0.9810572862625122,3.7098915576934814
24719.0,25.507490158081055,0.3326023519039154,5.829514026641846,3.7098915576934814
24818.0,8.063214302062988,-0.4492524564266205,-1.8508483171463013,3.0769128799438477
24916.0,1.7425731420516968,-0.6370890140533447,1.5948163270950317,3.0769128799438477
25014.0,8.517251968383789,6.011966705322266,2.5082762241363525,3.0769128799438477
25115.0,14.854044914245605,3.3068809509277344,-4.7712883949279785,3.0769128799438477
25215.0,0.4456632137298584,2.774477958679199,3.283550977706909,3.147754430770874
25313.0,1.5625132322311401,-2.310270309448242,1.5499508380889893,3.147754430770874
25411.0,42.99603271484375,5.023731231689453,-6.878767013549805,3.147754430770874
25512.0,12.55155086517334,-0.8356932997703552,0.9690931439399719,3.2838523387908936
25612.0,-3.2267212867736816,1.4069796800613403,2.0679969787597656,3.2838523387908936
25710.0,5.818746566772461,0.22971096634864807,10.547562599182129,3.2838523387908936
25811.0,14.384453773498535,3.084348440170288,-4.427918434143066,3.2838523387908936
25909.0,2.338984251022339,-0.20877377688884735,2.9030921459198,2.8750932216644287
26007.0,-0.07118647545576096,-0.3206382393836975,2.688934564590454,2.8750932216644287
26108.0,40.705501556396484,2.5405795574188232,-5.082953453063965,2.8750932216644287
26209.0,12.623933792114258,1.8436698913574219,1.0271191596984863,3.0596864223480225
26310.0,-0.28594231605529785,0.7082754969596863,1.1838489770889282,3.0596864223480225
26410.0,3.90987229347229,2.131406784057617,8.38145923614502,3.0596864223480225
26509.0,15.170495986938477,-0.966102123260498,-5.019543647766113,3.0596864223480225
26607.0,4.814957141876221,1.0205388069152832,2.255235433578491,2.6193997859954834
26705.0,-1.4889339208602905,-3.1968109607696533,3.050250768661499,2.6193997859954834
26803.0,43.77788543701172,6.718447685241699,-15.008979797363281,2.6193997859954834
26902.0,11.651849746704102,-1.698904037475586,0.5180460810661316,2.82572865486145
27001.0,-3.779463291168213,1.236491084098816,0.8632107973098755,2.82572865486145
27100.0,4.9740800857543945,2.5471596717834473,-1.189831018447876,2.82572865486145
27201.0,16.87418556213379,-0.12442677468061447,-2.366501569747925,2.82572865486145
27299.0,6.278168201446533,-2.830111026763916,0.7417750358581543,2.944398880004883
27400.0,-0.1698904037475586,0.13519448041915894,4.706682205200195,2.944398880004883
27499.0,50.54598617553711,4.951946258544922,-19.532611846923828,2.944398880004883
27597.0,13.709677696228027,-1.1748759746551514,2.3611178398132324,2.5158863067626953
27696.0,-7.103094100952148,-0.9439685344696045,2.8911280632019043,2.5158863067626953
27795.0,2.971287488937378,2.362314224243164,-1.6169499158859253,2.5158863067626953
27894.0,30.853055953979492,-4.561318397521973,5.829514026641846,2.428053379058838
27992.0,13.091133117675781,-2.9659037590026855,1.3232308626174927,2.8926045894622803
28091.0,0.25423741340637207,-0.23210379481315613,4.940580368041992,2.8926045894622803
28191.0,3.680161237716675,-4.967499732971191,5.72841739654541,2.8926045894622803
28290.0,17.82174301147461,0.9523434042930603,-5.891129493713379,3.3217878341674805
28389.0,0.4001995921134949,-3.5617165565490723,0.5018945336341858,3.3217878341674805
28490.0,1.9453648328781128,3.043670415878296,4.353740692138672,3.3217878341674805
28590.0,34.488948822021484,-8.927022933959961,-1.485344648361206,3.3217878341674805
28688.0,13.133605003356934,1.5308083295822144,1.6342978477478027,2.8406283855438232
28790.0,-3.4002010822296143,1.9399809837341309,3.0215368270874023,2.8406283855438232
28889.0,3.5150563716888428,-3.4737801551818848,8.538787841796875,3.111983299255371
28987.0,15.897913932800293,2.4741785526275635,-3.8943188190460205,3.111983299255371
29085.0,-0.1585244983434677,-3.79681134223938,-0.13220344483852386,3.2199535369873047
29184.0,1.2095718383789062,1.3525429964065552,6.890730857849121,3.2199535369873047
29283.0,27.986454010009766,-0.24885354936122894,6.809374809265137,3.2199535369873047
29383.0,13.152748107910156,3.720241069793701,-0.527019202709198,3.26786208152771
29483.0,-1.6247265338897705,3.4965121746063232,1.7539390325546265,3.26786208152771
29583.0,1.3202399015426636,-1.0145567655563354,-0.1621137410402298,3.26786208152771
29681.0,22.336400985717773,3.8536407947540283,11.815757751464844,3.26786208152771
29781.0,6.4594244956970215,-0.8500502705574036,-1.3597214221954346,2.617335796356201
29881.0,0.8937192559242249,0.32303106784820557,1.8478572368621826,3.0015344619750977
29979.0,13.499707221984863,6.491727828979492,-1.1335997581481934,3.0015344619750977
30078.0,11.238490104675293,6.477969169616699,-12.225528717041016,3.3446028232574463
30176.0,2.8151557445526123,-1.4362918138504028,9.012566566467285,3.3446028232574463
30274.0,2.2169501781463623,-1.350150227546692,-1.5158531665802002,3.3446028232574463
30374.0,48.802215576171875,2.108076810836792,-8.040482521057129,3.3446028232574463
30472.0,11.417951583862305,0.3200400173664093,2.297109842300415,3.529557943344116
30573.0,-4.989633560180664,3.214757204055786,2.837887763977051,3.529557943344116
30671.0,0.5539384484291077,0.7369893789291382,4.132404804229736,3.529557943344116
30770.0,19.943578720092773,-3.3690943717956543,-3.322434186935425,3.529557943344116
30870.0,6.5491557121276855,2.1242282390594482,2.283350944519043,2.7640249729156494
30970.0,0.8727820515632629,-3.2099716663360596,5.449055194854736,2.7640249729156494
31069.0,31.205398559570312,1.7641085386276245,1.9764715433120728,2.7640249729156494
31169.0,11.70987606048584,0.9607182741165161,0.494716078042984,3.263125419616699
31267.0,-3.9463627338409424,-0.21595224738121033,1.2634103298187256,3.263125419616699
31367.0,3.2231321334838867,1.566102385520935,4.871188640594482,3.263125419616699
31466.0,18.67119598388672,0.7698906660079956,-3.380460262298584,3.263125419616699
31564.0,6.0370917320251465,-3.8117663860321045,0.6981059908866882,2.8868300914764404
31663.0,2.620738983154297,-0.37028929591178894,7.004390239715576,2.8868300914764404
31761.0,26.140390396118164,-6.719644069671631,6.92482852935791,2.8868300914764404
31859.0,9.629914283752441,0.21714866161346436,-0.42293140292167664,2.7525534629821777
31960.0,-4.032504558563232,-2.293520450592041,1.4081761837005615,2.7525534629821777
32058.0,3.2961132526397705,2.231905221939087,0.6592226624488831,2.7525534629821777
32158.0,25.006792068481445,-0.8057830333709717,1.9830517768859863,2.7525534629821777
32258.0,7.953144073486328,-3.8883368968963623,1.3226326704025269,3.0637495517730713
32358.0,0.5635097622871399,-1.7850457429885864,4.016951084136963,3.0637495517730713
32459.0,26.912673950195312,-1.6007983684539795,-2.056631088256836,3.0637495517730713
32559.0,17.573488235473633,-3.094517946243286,0.5168496966362,2.811022996902466
32658.0,-5.2492547035217285,-2.42512583732605,0.28115665912628174,2.811022996902466
32756.0,2.9856443405151367,4.694119930267334,4.9154558181762695,2.811022996902466
32857.0,41.74937057495117,-11.638091087341309,-2.122433662414551,2.999979257583618
32956.0,12.661023139953613,0.6406782865524292,0.5545366406440735,3.0894198417663574
33056.0,-3.2584261894226074,2.1104695796966553,3.9260237216949463,3.0894198417663574
33157.0,1.8819550275802612,-5.06082010269165,5.6656060218811035,3.0894198417663574
33261.0,16.417755126953125,2.197807550430298,-3.64127779006958,3.171639919281006
33361.0,-1.1264212131500244,-3.730410575866699,0.7860422134399414,3.171639919281006
33460.0,4.157529354095459,3.555734395980835,5.74696159362793,3.171639919281006
33559.0,29.57110023498535,4.470989227294922,6.103492259979248,3.171639919281006
33657.0,10.806585311889648,2.389233350753784,-0.4426721930503845,2.7665226459503174
33756.0,-1.466800332069397,3.8799619674682617,-0.20458634197711945,2.7665226459503174
33854.0,1.6079767942428589,-1.6827524900436401,1.059422254562378,2.9629311561584473
33956.0,16.82632827758789,0.906281590461731,3.0903303623199463,2.9629311561584473
34056.0,6.359524250030518,-1.0325030088424683,-1.832902193069458,3.099377393722534
34154.0,1.4015958309173584,-0.10229317098855972,2.9066812992095947,3.099377393722534
34255.0,12.03649616241455,7.801798343658447,-2.1828525066375732,3.099377393722534
34355.0,10.917253494262695,2.7637102603912354,-4.771886348724365,3.220079183578491
34454.0,1.965105652809143,0.6951149702072144,-0.34576287865638733,3.220079183578491
34555.0,1.0516455173492432,-0.39541393518447876,1.043868899345398,3.220079183578491
34656.0,38.62554168701172,5.015356063842773,12.444472312927246,3.220079183578491
34754.0,12.034701347351074,-1.532004714012146,-1.898106575012207,2.7256481647491455
34854.0,-4.808377265930176,1.3250255584716797,1.1928220987319946,2.8787035942077637
34953.0,5.134997367858887,0.0771685317158699,10.2478609085083,2.8787035942077637
35053.0,16.97468376159668,2.699702262878418,-1.8640087842941284,2.9819347858428955
35151.0,4.244269371032715,-1.306481122970581,0.722034215927124,2.9819347858428955
35251.0,0.8715856671333313,-3.2033913135528564,5.90369176864624,2.9819347858428955
35348.0,19.16351890563965,-2.775674343109131,15.002998352050781,2.9819347858428955
35446.0,13.031909942626953,-2.4670002460479736,-1.6002001762390137,3.033891439437866
35547.0,-4.764708042144775,-3.5156545639038086,0.5629115104675293,3.033891439437866
35646.0,5.853442192077637,3.250051259994507,2.2061824798583984,3.033891439437866
35745.0,28.30828857421875,-6.226722717285156,4.450051784515381,3.033891439437866
35844.0,12.662219047546387,-0.7459624409675598,0.7770691514015198,2.647176742553711
35944.0,-2.674577474594116,0.9888339638710022,2.465803623199463,2.647176742553711
36045.0,2.3976082801818848,-2.046461582183838,4.823930263519287,2.647176742553711
36148.0,18.80040740966797,-0.8081758618354797,1.5936198234558105,2.462212562561035
36246.0,4.286143779754639,-3.1441688537597656,-2.4221346378326416,2.462212562561035
36344.0,-0.29730820655822754,2.122433662414551,5.667400360107422,2.462212562561035
36443.0,15.374484062194824,2.334198474884033,-3.2644083499908447,2.462212562561035
36543.0,13.926227569580078,1.3549357652664185,-4.311268329620361,2.365027904510498
36643.0,2.449054002761841,1.5589239597320557,0.15134602785110474,2.365027904510498
36741.0,0.6197410821914673,-2.2474586963653564,3.957728624343872,2.365027904510498
36840.0,33.66043472290039,3.923032760620117,-7.5535430908203125,2.365027904510498
36939.0,14.971293449401855,-1.1670992374420166,-1.4093725681304932,2.5620524883270264
37037.0,0.3409772217273712,-1.97407865524292,0.5264210104942322,2.5620524883270264
37139.0,6.416353702545166,0.8955138921737671,0.17706887423992157,2.5620524883270264
37238.0,18.178871154785156,1.179661512374878,1.2921242713928223,2.6908843517303467
37337.0,8.592626571655273,0.12203395366668701,-0.7393822073936462,2.6908843517303467
37438.0,3.850649833679199,-1.5439687967300415,-2.960519790649414,2.6908843517303467
37539.0,6.529414653778076,-1.358525037765503,5.595615863800049,2.6908843517303467
37637.0,16.459030151367188,0.4546363055706024,1.908276081085205,2.522953510284424
37738.0,5.207380294799805,-2.3060827255249023,-1.1479566097259521,2.522953510284424
37838.0,8.024331092834473,-0.5330012440681458,-1.409970760345459,2.522953510284424
37936.0,10.631311416625977,1.810170292854309,6.713063716888428,2.4752891063690186
38035.0,12.678969383239746,1.0396814346313477,1.428515076637268,2.4512152671813965
38134.0,2.9246275424957275,0.6484549641609192,0.40737804770469666,2.4512152671813965
38235.0,8.47298526763916,-0.666999340057373,-1.3196417093276978,2.4512152671813965
38335.0,11.590234756469727,-3.617349624633789,-3.848257064819336,2.4512152671813965
38436.0,17.279170989990234,2.1613171100616455,4.824528694152832,2.4324073791503906
38534.0,9.237491607666016,-2.1894326210021973,-0.3696911036968231,2.4324073791503906
38633.0,1.25144624710083,-0.3643072545528412,-0.7698906660079956,2.4324073791503906
38730.0,10.386046409606934,1.4973087310791016,0.6275177597999573,2.4324073791503906
38828.0,12.461221694946289,0.9756734371185303,4.636094093322754,2.277416229248047
38927.0,11.324631690979004,-1.048654556274414,2.1122641563415527,2.277416229248047
39025.0,5.777470111846924,2.0614166259765625,0.6891329288482666,2.277416229248047
39123.0,6.937989234924316,-1.3405789136886597,0.2883351147174835,2.277416229248047
39222.0,8.639286041259766,-0.859621524810791,-3.204587697982788,2.4054853916168213
39320.0,17.130815505981445,-0.5341976284980774,4.229912281036377,2.4054853916168213
39421.0,13.950754165649414,0.19561325013637543,0.5736792087554932,2.4054853916168213
39521.0,4.688137531280518,-1.0109676122665405,-0.5312066078186035,2.4054853916168213
39621.0,6.327221393585205,0.9888339638710022,-0.4941178858280182,2.1539711952209473
39720.0,9.805787086486816,1.2137593030929565,1.0235298871994019,2.1539711952209473
39818.0,10.456634521484375,1.3004990816116333,5.402993679046631,2.1539711952209473
39917.0,9.046664237976074,0.43609192967414856,1.9519450664520264,2.039247512817383
40015.0,4.925027370452881,2.1858434677124023,-0.9583254456520081,2.039247512817383
40114.0,8.440083503723145,-2.8498518466949463,2.6273193359375,1.9961662292480469
40212.0,9.499505996704102,-1.1676974296569824,-1.1581261157989502,1.9961662292480469
40310.0,16.534404754638672,-1.6552350521087646,2.5423741340637207,1.9961662292480469
40409.0,13.840683937072754,-1.3088740110397339,10.138389587402344,1.9961662292480469
40508.0,1.1670992374420166,-0.8787640929222107,-8.452047348022461,1.9961662292480469
40606.0,8.685347557067871,1.5828521251678467,-0.062213387340307236,1.9961662292480469
40708.0,14.079368591308594,2.995215654373169,-2.8498518466949463,1.8123297691345215
40808.0,16.982460021972656,2.833700180053711,3.435495138168335,1.8123297691345215
40908.0,12.150753021240234,0.35533416271209717,1.893320918083191,1.785420536994934
41008.0,2.383849620819092,0.4731806814670563,0.49651068449020386,1.785420536994934
41109.0,8.433503150939941,-1.2969099283218384,-1.4991034269332886,1.8941823244094849
41207.0,13.34716510772705,-2.7080769538879395,-3.593421459197998,1.8941823244094849
41307.0,15.186647415161133,-0.5563312768936157,5.320441246032715,1.8941823244094849
41406.0,8.275577545166016,-0.3774677813053131,-0.4325026869773865,1.8941823244094849
41504.0,3.5509488582611084,-0.519242525100708,-0.6741777658462524,1.8941823244094849
41605.0,9.378668785095215,0.1094716340303421,-1.2616157531738281,1.778172492980957
41704.0,12.387642860412598,0.6580262184143066,5.249852657318115,1.778172492980957
41802.0,9.538987159729004,-0.3445664644241333,1.241276741027832,1.778172492980957
41901.0,4.993222713470459,1.8897316455841064,0.3409772217273712,1.723275899887085
42000.0,7.218547821044922,-2.2618155479431152,-0.07836493849754333,1.723275899887085
42101.0,8.812167167663574,-1.1042876243591309,-3.5228331089019775,1.695874571800232
42202.0,14.839688301086426,-0.7974081635475159,10.773085594177246,1.695874571800232
42301.0,13.13839054107666,-0.4953143000602722,1.6983058452606201,1.695874571800232
42399.0,2.6153552532196045,-1.0432707071304321,0.3577269911766052,1.695874571800232
42497.0,7.991429328918457,1.0546365976333618,-0.23629122972488403,1.6695847511291504
42598.0,13.120444297790527,4.588835716247559,-0.2829512655735016,1.6695847511291504
42698.0,19.466211318969727,0.9996016621589661,7.189235687255859,1.6695847511291504
42796.0,11.351551055908203,0.3002992272377014,2.0476579666137695,1.6695847511291504
42896.0,2.3467607498168945,1.3280165195465088,0.8410771489143372,1.5808427333831787
42994.0,7.968697547912598,-1.5230315923690796,-1.0169496536254883,1.5518630743026733
43094.0,13.505090713500977,-2.2061824798583984,-3.2937204837799072,1.5518630743026733
43192.0,17.4957218170166,-1.2215359210968018,2.8283164501190186,1.5518630743026733
43292.0,10.586445808410645,0.6849454641342163,0.13579268753528595,1.5518630743026733
43390.0,1.9232312440872192,-1.1024930477142334,-0.5276173949241638,1.5518630743026733
43490.0,8.152944564819336,0.03170489892363548,-0.7513462901115417,1.5392669439315796
43590.0,10.25922679901123,0.11665010452270508,4.833501815795898,1.5392669439315796
43689.0,8.788837432861328,2.0315065383911133,1.4679967164993286,1.5392669439315796
43787.0,5.6548380851745605,0.5455635786056519,0.5623133182525635,1.5392669439315796
43887.0,6.847660064697266,-1.3704891204833984,-0.03290131315588951,1.5847975015640259
43985.0,9.810572624206543,-1.679761528968811,-3.9116668701171875,1.5697462558746338
44085.0,16.749160766601562,-2.551945447921753,6.350551128387451,1.5697462558746338
44183.0,13.60917854309082,0.23030917346477509,-0.4289134442806244,1.5697462558746338
44281.0,1.4536397457122803,-1.454836130142212,-0.355932354927063,1.5697462558746338
44380.0,8.847461700439453,1.2873386144638062,-0.054436713457107544,1.5697462558746338
44478.0,14.34018611907959,4.085744857788086,-3.0071799755096436,1.5539805889129639
44579.0,18.07657814025879,1.7365909814834595,5.037489891052246,1.5539805889129639
44679.0,11.249855995178223,-0.1333998590707779,2.111665964126587,1.5539805889129639
44778.0,2.035693883895874,0.7208378314971924,0.30149564146995544,1.5539805889129639
44878.0,7.730611801147461,-0.8261220455169678,-0.8207381963729858,1.5611494779586792
44976.0,10.448858261108398,3.411566972732544,0.048454657196998596,1.5611494779586792
45074.0,16.281362533569336,1.2975081205368042,5.383851051330566,1.5611494779586792
45172.0,6.410371780395508,-2.7732813358306885,-0.6358926296234131,1.5611494779586792
45273.0,4.618745803833008,0.8739784955978394,0.16689938306808472,1.5611494779586792
45371.0,9.369695663452148,1.317248821258545,1.7096717357635498,1.5737383365631104
45469.0,12.90927791595459,0.7429714202880859,11.639287948608398,1.5737383365631104
45571.0,10.676176071166992,0.32243284583091736,0.16689938306808472,1.5737383365631104
45671.0,0.7878368496894836,1.090528964996338,0.4695914387702942,1.5737383365631104
45772.0,7.540980339050293,-1.825723648071289,-0.5150550603866577,1.5737383365631104
45870.0,12.329018592834473,-5.4556355476379395,-4.369892120361328,1.6141111850738525
45968.0,20.422143936157227,-0.737587571144104,5.863611698150635,1.6141111850738525
46067.0,10.36929702758789,-1.0863415002822876,-0.6556333899497986,1.6141111850738525
46166.0,-0.5437689423561096,-1.028315544128418,-0.6137589812278748,1.6141111850738525
46264.0,8.792427062988281,2.20737886428833,-0.11724831163883209,1.52129328250885
46362.0,13.39143180847168,2.035693883895874,0.3595215976238251,1.52129328250885
46460.0,10.432108879089355,1.2406785488128662,3.3302109241485596,1.52129328250885
46561.0,8.941978454589844,0.5072783827781677,1.8263218402862549,1.52129328250885
46662.0,4.5200419425964355,-0.7465606927871704,0.09391828626394272,1.52129328250885
46761.0,7.672585964202881,-0.5730810165405273,-4.681557655334473,1.6342815160751343
46860.0,15.391233444213867,-1.6528422832489014,9.20578670501709,1.6342815160751343
46961.0,13.479368209838867,1.150349497795105,0.6903293132781982,1.6342815160751343
47059.0,0.5736792087554932,-2.1469600200653076,-1.036690354347229,1.6342815160751343
47157.0,8.146963119506836,1.0917253494262695,0.890728235244751,1.6342815160751343
47255.0,14.70628833770752,3.0311081409454346,-0.6675975322723389,1.570102572441101
47354.0,19.698314666748047,1.731805443763733,4.429114818572998,1.570102572441101
47455.0,12.875778198242188,-0.605384111404419,1.5487544536590576,1.570102572441101
47555.0,1.277767300605774,1.7856439352035522,0.35832518339157104,1.570102572441101
47653.0,7.524828910827637,-0.534795880317688,-0.7902296781539917,1.6287864446640015
47751.0,12.88235855102539,0.6819544434547424,-2.2498514652252197,1.6287864446640015
47849.0,16.334604263305664,0.5635097622871399,4.310669898986816,1.669796109199524
47949.0,7.2095746994018555,-0.5395814776420593,-0.9212366938591003,1.669796109199524
48047.0,4.791627407073975,0.2027917206287384,-0.9343972206115723,1.669796109199524
48146.0,9.923633575439453,0.4666004180908203,1.4638092517852783,1.6975808143615723
48244.0,13.721641540527344,0.6526423692703247,11.855239868164062,1.6975808143615723
48344.0,10.349555969238281,-0.778863787651062,-0.030508488416671753,1.6975808143615723
48443.0,1.6600207090377808,2.1104695796966553,0.6699903607368469,1.6975808143615723
48543.0,9.381659507751465,-2.042872428894043,-0.5318048596382141,1.6975808143615723
48641.0,11.7326078414917,-4.6199421882629395,-4.267599105834961,1.7094327211380005
48740.0,17.222938537597656,-2.4155545234680176,6.0987067222595215,1.7094327211380005
48840.0,10.752148628234863,-1.716252088546753,0.656829833984375,1.757455587387085
48939.0,0.5760720372200012,-0.8159525394439697,-0.7184450030326843,1.757455587387085
49037.0,9.150154113769531,1.1126625537872314,-0.8087740540504456,1.7636806964874268
49137.0,10.935199737548828,0.17108681797981262,1.8203397989273071,1.7636806964874268
49236.0,11.070393562316895,0.3732803463935852,3.707080364227295,1.7636806964874268
49335.0,8.763712882995605,0.1333998590707779,2.3306093215942383,1.7636806964874268
49434.0,5.117649555206299,-0.7334001660346985,0.04486542567610741,1.7636806964874268
49534.0,7.594819068908691,-0.08853443711996078,-3.9044883251190186,1.7658443450927734
49633.0,11.20798110961914,1.5242279767990112,5.5591254234313965,1.7658443450927734
49733.0,15.026926040649414,2.069791555404663,2.5184457302093506,1.7658443450927734
49833.0,2.5459632873535156,-2.4466612339019775,0.014955141581594944,1.7658443450927734
49933.0,7.716254711151123,1.710868239402771,-0.5521438121795654,1.7553832530975342
50033.0,13.770095825195312,4.518247127532959,-6.3014984130859375,1.7552183866500854
50134.0,17.99941062927246,1.4404792785644531,-1.5451651811599731,1.7552183866500854
50236.0,12.341581344604492,0.4450650215148926,-2.203789710998535,1.7552183866500854
50334.0,3.352942705154419,0.6843472719192505,-2.688336133956909,1.7552183866500854
50434.0,6.8865437507629395,0.25304099917411804,5.622535228729248,1.7552183866500854
50535.0,12.988839149475098,1.1635099649429321,3.9912281036376953,1.760057806968689
50633.0,13.390235900878906,1.2472587823867798,2.33180570602417,1.760057806968689
50732.0,4.7611188888549805,-2.4125633239746094,-0.2787638306617737,1.760057806968689
50831.0,5.949753284454346,1.186241865158081,-0.14715859293937683,1.760057806968689
50929.0,9.81535816192627,1.4632110595703125,1.3956137895584106,1.7546480894088745
51030.0,10.585248947143555,1.2041879892349243,7.716853141784668,1.7546480894088745
51131.0,8.226524353027344,0.5910272002220154,1.01814603805542,1.7546480894088745
51231.0,1.9764715433120728,0.8620143532752991,1.114457130432129,1.7546480894088745
51331.0,9.462417602539062,-1.9226330518722534,-0.24526432156562805,1.7546480894088745
51431.0,12.875778198242188,-3.2201411724090576,-3.0622148513793945,1.7572851181030273
51529.0,19.228124618530273,-1.252044439315796,6.717251300811768,1.7572851181030273
51628.0,10.214960098266602,-0.7393822073936462,0.3613162338733673,1.7572851181030273
51730.0,1.1078768968582153,-1.7288143634796143,0.06999006122350693,1.7572851181030273
51829.0,8.876175880432129,0.2350948303937912,-0.9589236974716187,1.731551170349121
51927.0,10.361519813537598,2.35872483253479,4.084548473358154,1.731551170349121
52025.0,9.255437850952148,0.46779683232307434,2.7768707275390625,1.731551170349121
52126.0,7.077371120452881,0.2315055876970291,1.2957134246826172,1.731551170349121
52223.0,6.412166595458984,-1.0773683786392212,0.34636107087135315,1.731551170349121
52323.0,8.176873207092285,-1.1868400573730469,-4.2346978187561035,1.766063928604126
52421.0,14.855240821838379,0.9433703422546387,9.853643417358398,1.766063928604126
52519.0,13.575080871582031,0.05503492057323456,-0.2847459018230438,1.766063928604126
52619.0,1.602592945098877,-1.134796142578125,-0.3565305769443512,1.766063928604126
52718.0,8.320442199707031,0.6771687865257263,-0.2315055876970291,1.766063928604126
52816.0,14.134403228759766,5.911468505859375,-3.31465744972229,1.7416378259658813
52917.0,14.953347206115723,-1.1216355562210083,4.383651256561279,1.7416378259658813
53017.0,11.84028434753418,0.6269195079803467,1.6941183805465698,1.7416378259658813
53118.0,2.001596212387085,0.5635097622871399,0.21595224738121033,1.7416378259658813
53218.0,7.689335346221924,-0.25064817070961,-1.1114661693572998,1.7650425434112549
53319.0,12.68136215209961,2.2091734409332275,-0.7369893789291382,1.7650425434112549
53420.0,16.808382034301758,-1.1802598237991333,4.658227443695068,1.7650425434112549
53518.0,6.048457622528076,-2.3060827255249023,-0.8464609980583191,1.7650425434112549
53619.0,4.854438781738281,1.3070793151855469,-0.14476576447486877,1.7650425434112549
53720.0,9.893125534057617,1.1024930477142334,0.6364908218383789,1.7085449695587158
53820.0,21.108882904052734,2.0243279933929443,11.727822303771973,1.7085449695587158
53921.0,11.434700965881348,0.40677985548973083,1.3148560523986816,1.6950112581253052
54019.0,0.5162515044212341,1.3142578601837158,0.16031911969184875,1.6950112581253052
54118.0,8.823533058166504,-1.316650629043579,-0.2273181527853012,1.6950112581253052
54219.0,14.658431053161621,-4.7575297355651855,-4.154538154602051,1.793148398399353
54320.0,17.196020126342773,-0.2632105052471161,5.402395248413086,1.793148398399353
54420.0,8.25523853302002,-1.815554141998291,-1.3004990816116333,1.793148398399353
54521.0,2.9306094646453857,0.21595224738121033,-0.6963114142417908,1.793148398399353
54621.0,9.312865257263184,1.2203395366668701,1.3651052713394165,1.7536662817001343
54724.0,10.611570358276367,-1.1754741668701172,6.254838466644287,1.7536662817001343
54823.0,8.566305160522461,1.1988041400909424,1.6145570278167725,1.7536662817001343
54924.0,3.0855448246002197,0.7130611538887024,1.0546365976333618,1.7094308137893677
55024.0,8.535198211669922,-1.036690354347229,0.49651068449020386,1.7094308137893677
55125.0,10.15753173828125,-5.975476264953613,-2.6608188152313232,1.6732152700424194
55224.0,18.765710830688477,0.037088751792907715,7.133004188537598,1.6732152700424194
55325.0,11.128419876098633,-2.5256242752075195,-1.4434702396392822,1.6732152700424194
55423.0,0.381655216217041,-0.5599204897880554,-1.2711870670318604,1.6732152700424194
55523.0,6.609574317932129,2.042872428894043,-1.4991034269332886,1.679602861404419
55624.0,13.786247253417969,1.1928220987319946,4.632504463195801,1.679602861404419
55726.0,9.354142189025879,-0.7926225066184998,2.3437697887420654,1.679602861404419
55824.0,5.744568824768066,1.9507486820220947,0.4265206456184387,1.679602861404419
55924.0,6.540182590484619,-2.1128623485565186,0.050847481936216354,1.756539225578308
56024.0,8.444869041442871,-0.4749752879142761,-3.55214524269104,1.7653298377990723
56124.0,12.503096580505371,0.26201409101486206,8.949156761169434,1.7653298377990723
56224.0,12.429516792297363,0.21415762603282928,1.0827522277832031,1.7653298377990723
56326.0,2.015354871749878,-0.7830511927604675,-0.3798605799674988,1.7653298377990723
56426.0,8.26540756225586,1.3710874319076538,-0.7387840151786804,1.7688459157943726
56526.0,14.286945343017578,2.0811574459075928,-2.445464849472046,1.7688459157943726
56627.0,18.19382667541504,2.650649309158325,4.650450706481934,1.7688459157943726
56727.0,11.32941722869873,1.0671988725662231,1.8658034801483154,1.7688459157943726
56825.0,1.9770697355270386,0.43549370765686035,0.3936193287372589,1.7688459157943726
56924.0,8.355138778686523,-0.2787638306617737,0.4582255482673645,1.8373024463653564
57025.0,12.460025787353516,1.8436698913574219,-0.38225340843200684,1.8373024463653564
57124.0,16.467405319213867,0.6891329288482666,4.755734920501709,1.8373024463653564
57224.0,4.576871395111084,-1.8711873292922974,-0.9481559991836548,1.8373024463653564
57322.0,5.863611698150635,0.8506484627723694,-0.4911268353462219,1.8373024463653564
57424.0,10.813763618469238,2.665006160736084,0.7674978375434875,1.8602237701416016
57522.0,19.808982849121094,1.4123635292053223,8.25703239440918,1.8602237701416016
57623.0,11.858829498291016,0.0975075215101242,1.6157535314559937,1.8602237701416016
57722.0,0.12442677468061447,2.2337000370025635,1.1635099649429321,1.8602237701416016
57820.0,9.157332420349121,-2.2097716331481934,-0.7094719409942627,1.8602237701416016
57918.0,13.680963516235352,-2.310270309448242,-2.9521448612213135,1.7940950393676758
58018.0,12.943974494934082,1.6863417625427246,7.540382385253906,1.7940950393676758
58119.0,6.743572235107422,-1.8215361833572388,-1.0223335027694702,1.7940950393676758
58220.0,4.866403102874756,0.2590230405330658,0.10049854964017868,1.7940950393676758
58320.0,9.52941608428955,1.357926845550537,-1.2574282884597778,1.7581079006195068
58418.0,15.29193115234375,-0.1950150430202484,10.179067611694336,1.7581079006195068
58516.0,8.948558807373047,-0.6005984544754028,0.07058826833963394,1.7581079006195068
58614.0,1.975873351097107,2.568695068359375,0.9236295223236084,1.7581079006195068
58714.0,9.383454322814941,-2.717050075531006,0.1902294009923935,1.7581079006195068
58814.0,11.33539867401123,-5.438885688781738,-2.87198543548584,1.7493665218353271
58915.0,19.787446975708008,-1.2287144660949707,6.830312252044678,1.7493665218353271
59017.0,10.848459243774414,-1.7126628160476685,0.42771705985069275,1.7493665218353271
59117.0,0.24287149310112,-1.6420745849609375,-0.040677983313798904,1.7493665218353271
59215.0,9.504889488220215,2.191227436065674,-0.36251261830329895,1.7482762336730957
59313.0,10.143773078918457,-1.3992030620574951,3.6873397827148438,1.7482762336730957
59414.0,9.968499183654785,-1.4159528017044067,3.015554666519165,1.7482762336730957
59513.0,5.170889854431152,1.3986048698425293,1.6707884073257446,1.7482762336730957
59613.0,8.68774127960205,-1.6348960399627686,0.0323031060397625,1.7482762336730957
59711.0,10.942378044128418,-4.887340068817139,-2.1062822341918945,1.7353434562683105
59809.0,20.35753631591797,-2.093719720840454,7.814958572387695,1.7353434562683105
59907.0,11.553146362304688,0.037088751792907715,-0.6933203339576721,1.731318712234497
60008.0,1.4225330352783203,-1.2376874685287476,-1.189831018447876,1.731318712234497
60106.0,7.384250640869141,0.3397808074951172,7.472784996032715,1.731318712234497
60204.0,13.398012161254883,1.8245272636413574,-5.078167915344238,1.7287429571151733
60304.0,8.921041488647461,-0.04366901144385338,8.69491958618164,1.7287429571151733
60405.0,6.763313293457031,1.1874382495880127,8.254639625549316,1.7287429571151733
60506.0,7.47338342666626,-1.6713865995407104,6.3493547439575195,1.7287429571151733
60604.0,8.775078773498535,-2.744567632675171,-3.4851462841033936,1.7150877714157104
60705.0,16.326828002929688,-0.46360939741134644,8.936594009399414,1.7150877714157104
60806.0,12.342179298400879,-0.8273184299468994,0.5318048596382141,1.7150877714157104
60905.0,0.906281590461731,-0.6777670383453369,-0.6502495408058167,1.7166064977645874
61005.0,9.247661590576172,0.4043870270252228,-0.14297115802764893,1.7160084247589111
61103.0,12.761521339416504,2.134995937347412,-0.1704886108636856,1.7160084247589111
61202.0,11.60519027709961,0.5551348328590393,4.177868366241455,1.7160084247589111
61301.0,8.075776100158691,0.4091726839542389,2.018944025039673,1.7160084247589111
61399.0,5.395216941833496,-0.42771705985069275,0.4085744619369507,1.7160084247589111
61497.0,6.675975322723389,-2.02492618560791,-3.132802963256836,1.7147594690322876
61596.0,16.247264862060547,0.046061836183071136,8.645866394042969,1.7147594690322876
61696.0,12.095718383789062,0.5754738450050354,0.7286145091056824,1.7147594690322876
61794.0,2.6159534454345703,-1.140179991722107,-0.09631111472845078,1.7147594690322876
61894.0,8.820542335510254,0.9206385016441345,-1.0582258701324463,1.7256840467453003
61992.0,14.18883991241455,3.3888349533081055,-2.2091734409332275,1.7345740795135498
62090.0,10.765907287597656,0.7202396392822266,3.3206396102905273,1.7345740795135498
62188.0,10.187442779541016,0.8321040868759155,1.2287144660949707,1.7345740795135498
62287.0,4.234099864959717,0.4660021960735321,0.46839502453804016,1.7345740795135498
62386.0,5.78345251083374,-0.26081767678260803,-2.022533416748047,1.7433069944381714
62487.0,12.238689422607422,2.9455647468566895,3.5850465297698975,1.7433069944381714
62587.0,12.832109451293945,0.4247260093688965,2.816352367401123,1.7433069944381714
62688.0,4.763511657714844,-1.0199406147003174,-0.21415762603282928,1.7433069944381714
62789.0,7.09292459487915,1.0163514614105225,-0.5138586759567261,1.7433069944381714
62891.0,13.8311128616333,4.501497745513916,0.7459624409675598,1.7204921245574951
62991.0,16.511672973632812,-0.33858439326286316,5.43290376663208,1.7204921245574951
63090.0,10.920244216918945,-0.14297115802764893,1.8556339740753174,1.7204921245574951
63188.0,3.332603693008423,1.4362918138504028,0.7166503667831421,1.7204921245574951
63286.0,7.0169525146484375,-0.4169493317604065,-0.05623133108019829,1.7204921245574951
63384.0,14.299508094787598,1.1892328262329102,3.793222188949585,1.7587134838104248
63484.0,12.463016510009766,-0.5736792087554932,4.677968502044678,1.7587134838104248
63583.0,4.925027370452881,-0.9463613629341125,0.3607180118560791,1.7587134838104248
63681.0,5.951548099517822,1.3250255584716797,1.2544373273849487,1.7587134838104248
63780.0,9.893723487854004,1.2502498626708984,0.6358926296234131,1.7417880296707153
63879.0,8.11525821685791,1.576271891593933,6.86261510848999,1.7417880296707153
63979.0,16.450057983398438,1.5044872760772705,4.847260475158691,1.7417880296707153
64078.0,13.414163589477539,-2.1361923217773438,-1.1210373640060425,1.7417880296707153
64178.0,1.6785650253295898,4.189234256744385,0.8943174481391907,1.763676643371582
64277.0,0.2907279431819916,-1.7575281858444214,-0.29371899366378784,1.763676643371582
64376.0,26.560331344604492,-2.550748825073242,2.6386852264404297,1.763676643371582
64474.0,16.03849220275879,4.041477680206299,1.1018948554992676,1.763676643371582
64572.0,-2.929413080215454,-4.743771076202393,1.963310956954956,1.763676643371582
64670.0,2.9527430534362793,2.176870346069336,2.252842426300049,1.763676643371582
64771.0,24.861427307128906,-0.6478567123413086,0.924227774143219,1.7366019487380981
64869.0,12.64188003540039,-2.4574289321899414,-0.4773681163787842,1.7366019487380981
64970.0,-2.547757863998413,1.5056836605072021,1.817348837852478,1.7366019487380981
65071.0,-0.018544375896453857,-2.169093608856201,3.0388846397399902,1.7366019487380981
65171.0,22.430917739868164,-1.4075778722763062,0.8081758618354797,1.8665188550949097
65272.0,10.421340942382812,2.5010979175567627,-1.2969099283218384,1.8665188550949097
65371.0,-3.603590965270996,0.355932354927063,2.5501506328582764,1.8665188550949097
65471.0,3.0927233695983887,0.06759724020957947,8.201399803161621,1.8665188550949097
65571.0,15.799209594726562,4.0217366218566895,-3.046063184738159,1.8880959749221802
65672.0,6.419344902038574,-2.685943365097046,-0.23389841616153717,1.8880959749221802
65771.0,0.6382854580879211,-0.4414757788181305,3.8572301864624023,1.8880959749221802
65871.0,28.073192596435547,-0.6717849373817444,-6.937989234924316,1.9002447128295898
65970.0,16.112668991088867,0.8470591902732849,1.0809576511383057,1.9160653352737427
66068.0,-4.871188640594482,-3.8632121086120605,0.8225327730178833,1.9160653352737427
66166.0,3.5330026149749756,4.4410786628723145,3.689732551574707,1.9160653352737427
66264.0,29.176883697509766,-6.921239376068115,-3.810570001602173,1.9160653352737427
66362.0,13.156336784362793,-0.1902294009923935,0.50907301902771,1.9267622232437134
66460.0,-2.6967110633850098,3.9391841888427734,2.383251428604126,1.9267622232437134
66560.0,-0.5796613097190857,-2.7978079319000244,3.0586254596710205,1.9267622232437134
66660.0,21.247068405151367,-2.444866418838501,0.9846464991569519,1.9486750364303589
66758.0,6.39302396774292,-0.2919243574142456,-1.171286702156067,1.9486750364303589
66856.0,1.1198409795761108,-1.9459630250930786,3.1788649559020996,2.0764429569244385
66955.0,6.821937561035156,4.7605204582214355,2.4717857837677,2.0764429569244385
67053.0,14.324034690856934,2.304288148880005,-4.007379531860352,2.1534695625305176
67152.0,2.407777786254883,-0.7046862840652466,1.6426727771759033,2.1534695625305176
67253.0,1.322034478187561,-1.296311616897583,1.1413763761520386,2.1534695625305176
67354.0,45.21358108520508,0.46779683232307434,-10.800602912902832,2.1534695625305176
67455.0,13.233505249023438,1.8011972904205322,0.039481572806835175,2.2148702144622803
67553.0,-5.382654666900635,-1.5026925802230835,0.802193820476532,2.2148702144622803
67653.0,4.043870449066162,3.301496982574463,-1.2999008893966675,2.2148702144622803
67753.0,33.65086364746094,-4.823930263519287,5.459224700927734,2.2148702144622803
67850.0,10.03011417388916,-1.7001005411148071,0.8823533654212952,2.22175669670105
67948.0,-1.6462619304656982,-0.26979073882102966,5.547759532928467,2.22175669670105
68047.0,1.9070796966552734,-4.8233323097229,5.458626747131348,2.22175669670105
68149.0,15.206387519836426,1.0893324613571167,-6.184250354766846,2.4914371967315674
68248.0,0.2584248483181,-4.508078098297119,1.0426725149154663,2.4914371967315674
68349.0,4.127020835876465,4.632504463195801,5.501697540283203,2.4914371967315674
68450.0,28.584060668945312,-9.425328254699707,-4.326821327209473,2.4914371967315674
68550.0,14.477773666381836,0.4372883439064026,0.4701896607875824,2.4990973472595215
68649.0,-4.218546390533447,2.080559253692627,3.3948171138763428,2.4990973472595215
68747.0,1.9872392416000366,-2.8384859561920166,3.3613176345825195,2.4990973472595215
68845.0,19.669599533081055,2.201396942138672,-1.5535401105880737,2.601884365081787
68943.0,7.864609718322754,0.039481572806835175,-0.09152546525001526,2.601884365081787
69041.0,1.8640087842941284,0.04905286431312561,1.4919248819351196,2.601884365081787
69139.0,8.532207489013672,4.764708042144775,2.9790642261505127,2.601884365081787
69239.0,12.575479507446289,2.6153552532196045,-4.383052825927734,2.726066827774048
69340.0,0.2626122832298279,-0.18005990982055664,0.9810572862625122,2.726066827774048
69439.0,0.6460621356964111,-0.35892340540885925,0.4624129831790924,2.726066827774048
69537.0,57.15555953979492,7.0271220207214355,-9.005388259887695,2.726066827774048
69636.0,11.340185165405273,0.04546362906694412,0.2584248483181,2.648641586303711
69734.0,-5.0907301902771,-1.2203395366668701,1.0516455173492432,2.648641586303711
69834.0,4.19282341003418,1.688136339187622,7.413562774658203,2.648641586303711
69934.0,15.233905792236328,1.3471591472625732,-3.34576416015625,2.809130907058716
70033.0,7.791030406951904,-3.914059638977051,-2.967698335647583,2.809130907058716
70134.0,-0.5676971673965454,-1.3489537239074707,-0.9565308690071106,2.809130907058716
70233.0,26.440690994262695,-3.8883368968963623,-0.6442674994468689,2.809130907058716
70331.0,13.720444679260254,0.7579265832901001,8.206185340881348,2.8685240745544434
70429.0,-4.491328239440918,-4.957928657531738,-7.485347270965576,2.8685240745544434
70527.0,5.704489231109619,4.817948341369629,-0.3840480446815491,2.8685240745544434
70628.0,26.526832580566406,-3.4606196880340576,4.0319061279296875,2.8685240745544434
70728.0,11.96471118927002,-2.705684185028076,0.4731806814670563,2.7978622913360596
70826.0,-1.679761528968811,-1.3848460912704468,4.447659015655518,2.7978622913360596
70924.0,3.441477060317993,-5.19960355758667,16.351951599121094,2.848093271255493
71023.0,17.193626403808594,-1.7485551834106445,-5.67338228225708,2.887902021408081
71121.0,-0.5228317379951477,-1.597209095954895,0.2231307178735733,2.887902021408081
71220.0,3.4606196880340576,4.077968120574951,3.6053855419158936,2.887902021408081
71320.0,31.87778091430664,-8.12542724609375,-4.769493579864502,2.887902021408081
71419.0,14.91865062713623,-0.5557330846786499,-1.0055837631225586,2.926511287689209
71518.0,-2.5292134284973145,3.5617165565490723,2.166102647781372,2.926511287689209
71616.0,1.2323036193847656,-0.5982056856155396,-0.9068797826766968,2.926511287689209
71714.0,19.25025749206543,-2.4287149906158447,1.9591234922409058,2.926511287689209
71815.0,7.107879638671875,-0.1339980661869049,0.3403790295124054,2.8097662925720215
71913.0,0.7938188910484314,0.5874379873275757,3.7328033447265625,2.8097662925720215
72011.0,20.278573989868164,4.013361930847168,-2.3976082801818848,2.8097662925720215
72110.0,10.802397727966309,0.7513462901115417,-2.3192434310913086,2.9294424057006836
72209.0,1.0558329820632935,4.11625337600708,1.4123635292053223,2.9294424057006836
72310.0,2.4023938179016113,-0.5353940725326538,-0.3026920557022095,2.9294424057006836
72410.0,21.088544845581055,2.121835470199585,3.2338998317718506,2.9294424057006836
72510.0,9.809974670410156,-0.2309073805809021,-0.19381862878799438,2.9770894050598145
72609.0,-0.8344969153404236,0.050847481936216354,2.228316068649292,2.9770894050598145
72708.0,11.00578784942627,4.46979284286499,0.1944168359041214,2.9770894050598145
72809.0,12.026326179504395,3.2656047344207764,-4.04985237121582,2.8534860610961914
72908.0,0.8973084688186646,2.699702262878418,2.5058834552764893,2.8534860610961914
73007.0,2.507079839706421,-3.9936211109161377,3.077768087387085,2.8534860610961914
73105.0,44.966522216796875,6.52044153213501,5.44426965713501,2.8534860610961914
73204.0,13.529019355773926,0.8554341197013855,-0.2793620526790619,2.887072801589966
73303.0,-2.5232315063476562,0.3355933725833893,2.5471596717834473,2.887072801589966
73401.0,3.0652058124542236,1.052243709564209,6.372086524963379,2.887072801589966
73500.0,16.514663696289062,1.557727575302124,-2.6315066814422607,2.887072801589966
73598.0,4.847858905792236,-2.252244234085083,1.6456637382507324,2.839231491088867
73698.0,1.2592228651046753,-1.2693923711776733,5.656034469604492,2.839231491088867
73799.0,29.181669235229492,-3.837489366531372,1.2245270013809204,2.839231491088867
73899.0,13.818551063537598,-0.7698906660079956,1.1150553226470947,2.981545925140381
74000.0,-7.168896675109863,-2.8594231605529785,0.6125625967979431,2.981545925140381
74099.0,4.427918434143066,4.237689018249512,3.4372897148132324,2.981545925140381
74200.0,28.09353256225586,-3.865006685256958,2.396411895751953,2.981545925140381
74300.0,9.980463027954102,-3.570091485977173,1.8544375896453857,3.153102159500122
74399.0,-0.005383851006627083,-2.4269204139709473,5.598008632659912,3.153102159500122
74500.0,17.714664459228516,-3.755535125732422,13.917853355407715,3.153102159500122
74599.0,16.556537628173828,-0.02273181453347206,0.48514479398727417,2.9812796115875244
74699.0,-6.128616809844971,-5.1320061683654785,1.4787644147872925,2.9812796115875244
74799.0,4.661816596984863,1.8197416067123413,3.1651060581207275,2.9812796115875244
74899.0,21.305692672729492,-2.1343977451324463,-1.534995675086975,3.0522027015686035
75000.0,10.453045845031738,-3.8847475051879883,2.0416758060455322,3.111517906188965
75098.0,-2.316850423812866,-2.3030917644500732,8.49452018737793,3.111517906188965
75197.0,16.380664825439453,-5.563312530517578,14.264213562011719,3.111517906188965
75297.0,11.70150089263916,2.4921247959136963,-0.6532405614852905,3.166783571243286
75395.0,-4.088137626647949,-4.393222332000732,0.7489534616470337,3.166783571243286
75493.0,4.244867324829102,3.665804386138916,3.1956145763397217,3.166783571243286
75591.0,23.57408905029297,-3.600001573562622,2.761317253112793,3.166783571243286
75691.0,12.506686210632324,-2.5645077228546143,0.15493527054786682,2.9373323917388916
75792.0,-1.9100706577301025,-1.176072359085083,5.244469165802002,2.9373323917388916
75890.0,6.808178424835205,-5.372485160827637,15.937395095825195,2.8330156803131104
75988.0,17.805591583251953,-0.5048855543136597,-4.331607341766357,3.047088623046875
76088.0,-1.8903298377990723,-2.365305185317993,-0.4989035129547119,3.047088623046875
76186.0,4.085744857788086,3.129812002182007,5.361119270324707,3.047088623046875
76285.0,28.206592559814453,-2.1780667304992676,4.686343193054199,3.047088623046875
76384.0,11.428719520568848,1.0995019674301147,0.3152543902397156,3.328537940979004
76485.0,-3.3954153060913086,1.6707884073257446,5.014758110046387,3.328537940979004
76583.0,2.169692039489746,-2.661417007446289,3.5671002864837646,3.328537940979004
76681.0,18.17049789428711,-0.8620143532752991,1.0354939699172974,3.328537940979004
76783.0,3.4438700675964355,-0.5665007829666138,-1.832902193069458,1.8194817304611206
76883.0,2.1397817134857178,2.7074787616729736,5.103292465209961,2.429781436920166
76982.0,18.98106575012207,2.871387243270874,1.5894324779510498,2.429781436920166
77080.0,13.36570930480957,4.234099864959717,-3.180659532546997,3.0275375843048096
77181.0,-1.6923238039016724,4.796412944793701,1.2161520719528198,3.0275375843048096
77281.0,1.3549357652664185,0.3002992272377014,-1.6055840253829956,3.0275375843048096
77380.0,24.894329071044922,2.4747767448425293,8.553144454956055,3.0275375843048096
77479.0,9.311071395874023,-0.4163511395454407,-1.5750755071640015,3.461697816848755
77577.0,-1.6342978477478027,1.3806586265563965,1.9621145725250244,3.461697816848755
77675.0,1.5397813320159912,-1.44945228099823,12.701701164245605,3.461697816848755
77775.0,11.872588157653809,4.1006999015808105,-5.01296329498291,3.461697816848755
77873.0,3.3230323791503906,0.8410771489143372,2.2809581756591797,3.0643668174743652
77971.0,-0.3200400173664093,-0.36670008301734924,0.5048855543136597,3.0643668174743652
78071.0,36.57070541381836,5.49092960357666,9.858428955078125,3.0643668174743652
78170.0,10.022337913513184,-1.3004990816116333,-1.8819550275802612,3.4593026638031006
78268.0,-0.5288137793540955,-0.6957131624221802,1.6205391883850098,3.4593026638031006
78367.0,2.9282166957855225,1.4913266897201538,10.285548210144043,3.4593026638031006
78465.0,10.685149192810059,2.999403238296509,-5.6069817543029785,3.4593026638031006
78564.0,2.256431818008423,0.4462614357471466,2.0476579666137695,3.0325307846069336
78664.0,0.9690931439399719,-1.5649060010910034,0.5473581552505493,3.0325307846069336
78763.0,46.1126823425293,5.293521881103516,9.254241943359375,3.0325307846069336
78862.0,12.698709487915039,-0.5072783827781677,-0.4588237404823303,2.880723476409912
78962.0,-3.377469062805176,0.4785645306110382,2.273181438446045,2.880723476409912
79060.0,1.6648063659667969,-0.09451649338006973,11.493325233459473,2.880723476409912
79158.0,12.859626770019531,4.267001152038574,-3.6053855419158936,2.880723476409912
79256.0,5.154139995574951,-2.0865414142608643,1.5080764293670654,3.488941192626953
79354.0,1.0408778190612793,-0.9798609018325806,5.341976642608643,3.488941192626953
79455.0,40.46622085571289,6.332006931304932,-3.3852458000183105,3.488941192626953
79556.0,14.739787101745605,-1.441077470779419,-0.719641387462616,2.915849447250366
79654.0,-8.301300048828125,-0.8548358678817749,2.132603168487549,2.915849447250366
79753.0,7.301698207855225,-0.13639089465141296,-5.346762180328369,2.915849447250366
79851.0,20.513071060180664,-2.4185454845428467,-2.4329023361206055,3.600709915161133
79949.0,8.34736156463623,-1.5960127115249634,2.581855535507202,3.600709915161133
80048.0,0.38285163044929504,-1.5589239597320557,-0.6101697683334351,3.600709915161133
80146.0,34.80480194091797,-2.4011974334716797,7.3058857917785645,3.600709915161133
80244.0,11.636296272277832,-1.6636099815368652,1.1072787046432495,4.158120632171631
80345.0,-6.6143598556518555,-2.1786649227142334,5.735595703125,4.158120632171631
80447.0,4.293920040130615,1.4231312274932861,2.795415163040161,4.158120632171631
80545.0,34.30769348144531,-6.5904316902160645,4.984249591827393,4.158120632171631
80644.0,12.439088821411133,-1.6923238039016724,1.2460623979568481,3.3998451232910156
80742.0,-2.6428725719451904,-0.3002992272377014,2.2097716331481934,3.3998451232910156
80840.0,7.843074321746826,-3.518645763397217,21.19023895263672,3.3998451232910156
80938.0,15.623336791992188,0.9708877801895142,-4.490729808807373,3.625133752822876
81039.0,-2.954537868499756,-3.6059837341308594,1.536790370941162,3.625133752822876
81138.0,6.652047157287598,3.8973097801208496,4.979464054107666,3.625133752822876
81237.0,27.525835037231445,-6.083153247833252,1.7012969255447388,3.625133752822876
81335.0,13.424931526184082,-2.234896421432495,0.5742774605751038,3.6508100032806396
81434.0,-1.0965110063552856,1.9142581224441528,5.936593055725098,3.6508100032806396
81535.0,0.9655039310455322,-4.799404144287109,14.051851272583008,3.6508100032806396
81633.0,14.647065162658691,1.0187442302703857,-6.101099491119385,3.6508100032806396
81731.0,-0.2189432680606842,-3.751945972442627,-0.7884350419044495,2.9435133934020996
81831.0,3.895515203475952,7.749754428863525,5.200799942016602,2.9435133934020996
81930.0,34.56611633300781,-8.641080856323242,-5.426323413848877,2.789232015609741
82028.0,11.882159233093262,0.6209374666213989,0.16271193325519562,2.9762842655181885
82127.0,-2.630908489227295,0.9487541913986206,2.121835470199585,2.9762842655181885
82226.0,0.3248256742954254,-5.230710506439209,6.811768054962158,2.9762842655181885
82326.0,16.90349769592285,0.2967100143432617,-4.522434711456299,2.9762842655181885
82424.0,-0.706480860710144,-2.8905298709869385,-0.10588239878416061,3.1313188076019287
82525.0,3.0729825496673584,4.2586259841918945,5.971887111663818,3.1313188076019287
82626.0,29.25584602355957,-1.196411371231079,11.447263717651367,3.1313188076019287
82725.0,12.426526069641113,0.8321040868759155,0.7004988193511963,2.790132761001587
82823.0,-3.7118661403656006,3.531806230545044,2.709871530532837,2.790132761001587
82922.0,2.060220241546631,-3.257229804992676,4.828716278076172,3.0491180419921875
83020.0,16.526029586791992,0.42831525206565857,-2.6057839393615723,3.0491180419921875
83119.0,3.4510483741760254,1.347757339477539,-1.2251251935958862,3.209186553955078
83220.0,2.0279171466827393,1.633699655532837,4.739583492279053,3.209186553955078
83321.0,26.831317901611328,1.7186448574066162,9.851250648498535,3.209186553955078
83419.0,11.228918075561523,2.352742910385132,-1.1479566097259521,3.31677508354187
83521.0,0.3068794906139374,3.135794162750244,1.6002001762390137,3.31677508354187
83621.0,0.6215356588363647,-2.2438695430755615,1.0187442302703857,3.31677508354187
83722.0,17.62493324279785,-0.7082754969596863,1.1174482107162476,3.31677508354187
83822.0,6.658029079437256,-0.875174880027771,-0.3720839321613312,2.8626585006713867
83923.0,2.7876384258270264,2.960519790649414,4.076173305511475,2.8626585006713867
84024.0,19.173686981201172,9.795019149780273,-3.1244282722473145,2.8626585006713867
84123.0,13.569697380065918,-1.1682956218719482,-3.5377883911132812,3.230975389480591
84223.0,-1.7365909814834595,3.1627132892608643,-2.1367905139923096,3.230975389480591
84324.0,1.5469598770141602,-2.0243279933929443,0.26560330390930176,3.230975389480591
84422.0,19.93699836730957,1.9052850008010864,4.917848587036133,3.230975389480591
84523.0,5.19541597366333,-0.6963114142417908,-2.8325037956237793,3.33907151222229
84623.0,0.6610172390937805,3.617947816848755,1.8628123998641968,3.33907151222229
84722.0,28.41476821899414,5.723033428192139,2.633301258087158,3.33907151222229
84822.0,10.116255760192871,4.876572608947754,2.8773691654205322,2.843841075897217
84921.0,-2.3431715965270996,3.2063822746276855,-2.1308085918426514,2.843841075897217
85019.0,1.0199406147003174,-0.5383850932121277,2.2947168350219727,2.843841075897217
85118.0,17.196020126342773,-0.1543370634317398,1.2843475341796875,2.843841075897217
85219.0,6.994220733642578,-0.32303106784820557,-0.35832518339157104,3.198089361190796
85319.0,3.6741790771484375,1.2161520719528198,5.804987907409668,3.198089361190796
85418.0,17.67578125,8.421539306640625,-6.367300987243652,3.198089361190796
85516.0,11.431710243225098,0.0771685317158699,-4.103092670440674,2.8265910148620605
85614.0,1.34476637840271,3.3786656856536865,1.8490537405014038,2.8265910148620605
85715.0,0.243469700217247,-2.6039891242980957,2.956930637359619,2.8265910148620605
85815.0,19.458433151245117,2.417349100112915,1.4416756629943848,2.8265910148620605
85914.0,4.53200626373291,-2.118844509124756,-2.3641088008880615,2.7035183906555176
86012.0,3.875176191329956,-1.0516455173492432,3.683152198791504,2.7035183906555176
86113.0,13.95673656463623,8.611170768737793,-6.686144828796387,2.7035183906555176
86214.0,11.575878143310547,1.459621787071228,-5.277968406677246,2.7035183906555176
86314.0,-0.37926238775253296,4.931009292602539,2.0656042098999023,3.068479537963867
86412.0,-0.2715853750705719,-1.6067804098129272,-0.9822536706924438,3.068479537963867
86510.0,24.22134780883789,1.2610175609588623,8.839086532592773,3.068479537963867
86610.0,8.589634895324707,3.4845480918884277,-0.2883351147174835,2.934753894805908
86708.0,1.5170495510101318,-0.37148571014404297,2.4879374504089355,2.934753894805908
86806.0,15.662818908691406,5.962316036224365,-4.397409915924072,2.934753894805908
86904.0,13.640883445739746,2.4975085258483887,-6.1573309898376465,3.1847662925720215
87003.0,0.4983053207397461,4.889732837677002,5.3694939613342285,3.342268705368042
87104.0,-0.01615155301988125,-0.5174478888511658,-2.7391836643218994,3.342268705368042
87203.0,23.03390884399414,0.37507495284080505,2.176870346069336,3.342268705368042
87302.0,2.620140790939331,-2.2683959007263184,-1.0097711086273193,3.4788084030151367
87400.0,0.26201409101486206,4.285545349121094,5.749952793121338,3.4788084030151367
87500.0,29.539396286010742,-4.850849628448486,0.6047859191894531,3.4788084030151367
87598.0,10.971092224121094,1.0803594589233398,1.5146567821502686,3.2022767066955566
87696.0,-0.7627122402191162,3.965505361557007,3.8494534492492676,3.2022767066955566
87794.0,1.9232312440872192,-4.728217601776123,6.660421848297119,3.2022767066955566
87892.0,13.914263725280762,-1.5930216312408447,-6.067001819610596,3.088717222213745
87990.0,1.6372889280319214,-2.263011932373047,0.07657032459974289,3.2589826583862305
88089.0,1.9280169010162354,4.293920040130615,4.739583492279053,3.2589826583862305
88188.0,28.899913787841797,-12.639487266540527,-5.695516109466553,3.2589826583862305
88288.0,15.309279441833496,1.8963119983673096,2.0572292804718018,3.4180920124053955
88386.0,-4.501497745513916,1.3603196144104004,3.056830883026123,3.4180920124053955
88484.0,-0.8458628058433533,-4.223930358886719,18.175880432128906,3.4180920124053955
88585.0,12.78903865814209,-1.1198409795761108,-4.984249591827393,3.4180920124053955
88686.0,-1.5182459354400635,-4.6749773025512695,1.703689694404602,3.099999189376831
88784.0,2.640479803085327,5.640480995178223,4.142574310302734,3.099999189376831
88883.0,39.6556510925293,-11.60399341583252,-2.733799934387207,3.312852621078491
88981.0,12.373286247253418,1.3214362859725952,1.5068800449371338,3.4582529067993164
89079.0,-3.662214994430542,-0.3326023519039154,4.670191764831543,3.4582529067993164
89178.0,0.5306084156036377,1.0965110063552856,4.480560302734375,3.4582529067993164
89277.0,13.460225105285645,0.4103690981864929,-8.47896671295166,3.4582529067993164
89375.0,3.606581926345825,-1.9674984216690063,0.9625129103660583,3.582890272140503
89473.0,2.310270309448242,3.111865758895874,6.246463298797607,3.582890272140503
89571.0,31.277183532714844,-8.38265609741211,2.7499513626098633,3.582890272140503
89669.0,12.022737503051758,1.7563318014144897,0.32961133122444153,3.185173511505127
89767.0,-3.4121651649475098,2.0793628692626953,2.1164517402648926,3.185173511505127
89866.0,1.2239288091659546,-6.017350673675537,14.907883644104004,3.4600937366485596
89964.0,15.78664779663086,-3.700500249862671,-2.913261651992798,3.4600937366485596
90062.0,-2.4675984382629395,-0.17108681797981262,-5.316253662109375,3.6773502826690674
90160.0,3.0143582820892334,4.118646144866943,-2.2959132194519043,3.6773502826690674
90260.0,36.09931945800781,-6.3391852378845215,-2.4323041439056396,3.6773502826690674
90358.0,14.377274513244629,-0.20757736265659332,6.453442573547363,3.8554720878601074
90456.0,-1.1826525926589966,0.29850462079048157,2.162513494491577,3.8554720878601074
90554.0,2.9072794914245605,-4.203591346740723,5.777470111846924,3.8554720878601074
90654.0,13.11984634399414,1.1084750890731812,-5.539982795715332,3.8554720878601074
90752.0,-0.6891329288482666,-3.758526086807251,-0.16331014037132263,3.4320876598358154
90851.0,1.3782658576965332,5.247459888458252,5.8995041847229,3.567274332046509
90951.0,34.927433013916016,-12.40558910369873,-6.141777515411377,3.567274332046509
91051.0,12.846467018127441,-0.6903293132781982,1.6977076530456543,3.660611391067505
91152.0,-1.3262219429016113,-1.6845471858978271,4.7096734046936035,3.660611391067505
91252.0,18.95294952392578,-4.213760852813721,17.983259201049805,3.660611391067505
91351.0,16.186248779296875,-4.359124660491943,-0.494716078042984,3.660611391067505
91449.0,-5.618347644805908,0.3116651475429535,5.358726501464844,3.727452039718628
91549.0,3.6532418727874756,2.6500511169433594,1.703689694404602,3.727452039718628
91651.0,20.943180084228516,0.07178468257188797,-1.9752750396728516,3.727452039718628
91750.0,6.594020843505859,-3.549154281616211,2.3814568519592285,3.348076105117798
91848.0,2.785843849182129,-2.2845473289489746,6.321238994598389,3.348076105117798
91949.0,46.56253433227539,7.176673412322998,-8.645866394042969,3.348076105117798
92046.0,10.563714027404785,-2.667997360229492,-1.5224334001541138,3.725389003753662
92147.0,-2.259422779083252,0.43489551544189453,2.5196423530578613,3.725389003753662
92247.0,2.8701908588409424,0.04905286431312561,13.50568962097168,3.725389003753662
92347.0,13.582858085632324,0.5533402562141418,-3.379862070083618,3.725389003753662
92447.0,0.5030909776687622,-0.6089733839035034,2.2923240661621094,3.867722272872925
92545.0,1.5092729330062866,-1.6965112686157227,2.475973129272461,3.867722272872925
92643.0,55.5517692565918,2.9276185035705566,-14.513067245483398,3.867722272872925
92742.0,12.391830444335938,-0.23270200192928314,0.2470589429140091,3.627713203430176
92841.0,-6.950551509857178,-1.0043872594833374,3.3954153060913086,3.627713203430176
92940.0,2.929413080215454,1.933998942375183,3.8530426025390625,3.627713203430176
93038.0,20.418554306030273,0.5724828243255615,-2.105085611343384,3.627713203430176
93139.0,7.477570533752441,-3.5306098461151123,2.5776681900024414,3.692490577697754
93236.0,0.2667997181415558,-0.9511470198631287,5.059623718261719,3.692490577697754
93334.0,20.51546287536621,-6.730412006378174,16.109678268432617,3.692490577697754
93432.0,11.604591369628906,-1.0923235416412354,0.7256234884262085,3.7175183296203613
93530.0,-8.084749221801758,-2.5950162410736084,2.2295124530792236,3.7175183296203613
93630.0,5.248058319091797,3.865006685256958,-0.4103690981864929,3.7175183296203613
93729.0,34.18745422363281,-5.343770980834961,4.359723091125488,3.7175183296203613
93828.0,8.96112060546875,-3.421736478805542,0.25363919138908386,3.359184980392456
93927.0,1.1395817995071411,-1.3621143102645874,7.820342540740967,3.359184980392456
94026.0,14.418551445007324,-6.434299945831299,22.89093780517578,3.359184980392456
94126.0,12.66879940032959,-1.2083754539489746,-0.5940182209014893,3.6509647369384766
94225.0,-9.18305492401123,-4.48414945602417,3.9421753883361816,3.6509647369384766
94323.0,3.2721848487854004,2.895315408706665,3.3954153060913086,3.6509647369384766
94425.0,29.22414207458496,-3.345165967941284,-2.397010087966919,3.6509647369384766
94526.0,10.637292861938477,-3.625126361846924,5.315655708312988,3.338331699371338
94624.0,1.1682956218719482,0.7992027401924133,5.639883041381836,3.338331699371338
94724.0,7.53559684753418,-5.280361175537109,17.904294967651367,3.338331699371338
94822.0,16.06720542907715,2.6458635330200195,-2.462214469909668,3.1894471645355225
94921.0,-5.539384365081787,-5.790032386779785,0.46061834692955017,3.1894471645355225
95021.0,5.883352756500244,6.56411075592041,2.623729944229126,3.1894471645355225
95120.0,34.80181121826172,-10.6295166015625,-1.5170495510101318,3.1894471645355225
95221.0,11.376076698303223,0.3367897868156433,1.6839489936828613,3.400543212890625
95320.0,-1.8592232465744019,-0.4707878530025482,6.639484405517578,3.400543212890625
95418.0,10.070792198181152,-4.960919380187988,13.803595542907715,3.400543212890625
95516.0,15.54796314239502,-1.6277176141738892,-3.184248685836792,3.1272387504577637
95614.0,-2.9318058490753174,-3.283550977706909,2.248655080795288,3.1272387504577637
95715.0,3.4277184009552,3.2691938877105713,2.613560438156128,3.1272387504577637
95813.0,27.51506805419922,-5.91087007522583,4.578067779541016,3.1272387504577637
95914.0,11.172088623046875,-0.9206385016441345,1.9142581224441528,3.3891842365264893
96015.0,0.2727817893028259,1.1371889114379883,6.379265308380127,3.3891842365264893
96113.0,1.5565310716629028,-4.777868747711182,27.830322265625,3.3891842365264893
96213.0,12.561720848083496,-2.1104695796966553,-4.731208801269531,3.3891842365264893
96312.0,-10.04148006439209,-8.050651550292969,3.5545380115509033,3.6366560459136963
96413.0,4.220340728759766,3.366701364517212,0.9517452120780945,3.6366560459136963
96511.0,37.53022766113281,-7.401000499725342,-4.013361930847168,3.6366560459136963
96610.0,11.303693771362305,-1.8059829473495483,-0.12442677468061447,3.2090725898742676
96711.0,-2.0404794216156006,-0.10169496387243271,6.942774772644043,3.2090725898742676
96810.0,4.402793884277344,-8.711668968200684,23.520849227905273,3.2090725898742676
96907.0,13.570295333862305,1.7982062101364136,-3.0658040046691895,3.403738021850586
97006.0,-6.581458568572998,-6.375676155090332,3.957728624343872,3.523226499557495
97104.0,2.7864420413970947,5.357530117034912,2.7086751461029053,3.523226499557495
97202.0,39.57668685913086,-5.019543647766113,-3.813561201095581,3.523226499557495
97300.0,10.950154304504395,-0.3846462368965149,1.1252248287200928,3.6319117546081543
97402.0,-3.607778310775757,2.1367905139923096,1.8508483171463013,3.6319117546081543
97500.0,2.2127628326416016,-1.6396816968917847,0.12861421704292297,3.6319117546081543
97600.0,16.069000244140625,6.5288166999816895,-1.7748762369155884,3.1572556495666504
97700.0,0.3170489966869354,-2.4287149906158447,0.0933200865983963,3.1572556495666504
97797.0,1.0001999139785767,2.9856443405151367,3.826721668243408,3.1572556495666504
97897.0,32.89891815185547,-5.504688262939453,11.850454330444336,2.975487232208252
97998.0,13.252050399780273,0.8739784955978394,-0.5060819983482361,3.280390977859497
98096.0,-1.7377874851226807,2.2773690223693848,2.038684844970703,3.280390977859497
98195.0,2.3228325843811035,-4.6989054679870605,5.804987907409668,3.280390977859497
98293.0,15.284154891967773,-1.0013962984085083,-6.760920524597168,3.280390977859497
98391.0,-0.7441678643226624,-2.8049862384796143,-0.3032902777194977,3.619062900543213
98489.0,6.020939826965332,6.305685997009277,4.967499732971191,3.619062900543213
98589.0,36.227333068847656,2.3497519493103027,8.700303077697754,3.619062900543213
98689.0,8.606983184814453,-1.4871392250061035,-0.0933200865983963,3.5179567337036133
98788.0,1.516451358795166,1.592423439025879,2.4293131828308105,3.5179567337036133
98886.0,1.399801254272461,-7.785646915435791,13.621143341064453,3.594351291656494
98984.0,16.176677703857422,2.1415762901306152,-4.881956577301025,3.594351291656494
99083.0,-4.277170658111572,-5.969494342803955,2.5710878372192383,3.6383817195892334
99183.0,2.1026928424835205,6.31944465637207,5.897709846496582,3.6383817195892334
99281.0,34.2879524230957,-7.758727550506592,-6.62931489944458,3.6383817195892334
99382.0,11.093724250793457,-0.12143574655056,1.4117653369903564,3.6694629192352295
99483.0,1.7569299936294556,-1.3812568187713623,5.347958564758301,3.6694629192352295
99584.0,0.8668000102043152,-5.004588603973389,19.156938552856445,3.6694629192352295
99686.0,10.60977554321289,0.9487541913986206,-5.812166213989258,3.6694629192352295
99786.0,-7.613961696624756,-7.27956485748291,2.884547710418701,3.233245849609375
99884.0,3.067598581314087,3.82791805267334,1.6217355728149414,3.4807770252227783
99982.0,27.96790885925293,-6.083751678466797,3.077768087387085,3.4807770252227783
100082.0,9.128020286560059,-3.1932218074798584,2.748156785964966,3.4807770252227783
100184.0,0.8781659007072449,-1.9722840785980225,6.351747512817383,3.4807770252227783
100282.0,8.207381248474121,-11.314461708068848,26.0985164642334,3.4807770252227783
100380.0,13.01396369934082,-0.5006981492042542,4.125226020812988,3.792593002319336
100478.0,-8.25404167175293,-5.005186557769775,9.145368576049805,3.792593002319336
100577.0,6.786045074462891,5.413163185119629,-0.06939185410737991,3.792593002319336
100678.0,29.123044967651367,-4.180859565734863,3.7160534858703613,3.792593002319336
100777.0,10.712068557739258,-2.746960401535034,0.3607180118560791,3.5331292152404785
100876.0,1.4231312274932861,-0.8129615187644958,5.492125988006592,3.4457218647003174
100977.0,7.215556621551514,-7.88076114654541,19.639690399169922,3.4457218647003174
101078.0,14.95813274383545,3.0789644718170166,-4.342973232269287,3.525925636291504
101179.0,-7.122236728668213,-3.442673683166504,2.723032236099243,3.525925636291504
101277.0,4.573880672454834,4.810770034790039,4.9052863121032715,3.525925636291504
101376.0,46.792842864990234,-5.480162143707275,4.3178486824035645,3.525925636291504
101476.0,10.409975051879883,0.1908276081085205,1.731805443763733,3.5922391414642334
101575.0,1.3208380937576294,-0.2392822653055191,4.650450706481934,3.5922391414642334
101674.0,0.8721838593482971,-7.369893550872803,25.288545608520508,3.5922391414642334
101772.0,15.628721237182617,-0.1495514214038849,-5.805585861206055,3.1508305072784424
101871.0,-6.868597507476807,-4.835894584655762,1.3052847385406494,3.1508305072784424
101969.0,3.6460635662078857,6.22492790222168,4.173680782318115,3.1508305072784424
102067.0,28.413572311401367,-7.2095746994018555,-0.8153542876243591,3.1508305072784424
102166.0,12.741780281066895,-3.1752755641937256,1.241276741027832,2.7893476486206055
102264.0,0.08973085135221481,1.9124635457992554,3.3918261528015137,2.7893476486206055
102364.0,1.124626636505127,-1.6959130764007568,7.654639720916748,2.7893476486206055
102464.0,14.888142585754395,1.090528964996338,-7.110272407531738,2.7893476486206055
102562.0,-2.172683000564575,-3.8662030696868896,2.3563320636749268,2.5200209617614746
102662.0,1.5122638940811157,5.2941203117370605,5.684150218963623,2.5200209617614746
102762.0,30.509685516357422,-3.702893018722534,1.9639091491699219,2.5200209617614746
102862.0,10.437492370605469,-0.4785645306110382,1.3860424757003784,2.930912494659424
102963.0,1.140179991722107,0.9912267923355103,3.2542388439178467,2.930912494659424
103064.0,-0.18843477964401245,-6.638886451721191,8.58784008026123,2.930912494659424
103165.0,15.06401538848877,-0.34217363595962524,-3.7782669067382812,3.0929524898529053
103265.0,-3.0346972942352295,-2.6321048736572266,1.8179470300674438,3.0929524898529053
103364.0,2.8396823406219482,4.019941806793213,3.13220477104187,3.0929524898529053
103462.0,40.334014892578125,-7.758727550506592,-0.6245267391204834,3.0929524898529053
103560.0,10.74257755279541,0.7154539823532104,0.8207381963729858,2.8035695552825928
103660.0,0.8165507316589355,0.5748756527900696,4.1593241691589355,2.8035695552825928
103758.0,1.1682956218719482,-2.9150562286376953,4.132404804229736,2.8035695552825928
103856.0,15.28056526184082,1.456630825996399,-4.691128730773926,2.7143898010253906
103956.0,0.7136593461036682,-3.500101327896118,-0.8799605369567871,2.7143898010253906
104054.0,1.3196417093276978,4.4512481689453125,5.61116886138916,2.7143898010253906
104152.0,27.98166847229004,3.1651060581207275,12.245269775390625,2.7143898010253906
104250.0,12.024532318115234,1.7766708135604858,-0.4654040038585663,3.2710533142089844
104352.0,-2.6769702434539795,4.512863636016846,2.868396043777466,3.2710533142089844
104453.0,1.0426725149154663,-3.9385859966278076,5.774479389190674,3.2710533142089844
104551.0,20.361125946044922,0.8063812255859375,-1.8819550275802612,3.2710533142089844
104649.0,0.06520441919565201,-2.218146562576294,-2.4807589054107666,3.1036078929901123
104748.0,3.126222848892212,3.377469062805176,4.842474937438965,3.1036078929901123
104846.0,19.042680740356445,7.847859859466553,-0.01196411345154047,3.1417202949523926
104944.0,12.674781799316406,3.2781670093536377,-3.098107099533081,3.1716716289520264
105044.0,-1.9052850008010864,4.989035129547119,0.3852444589138031,3.1716716289520264
105142.0,0.18305093050003052,-1.8598214387893677,-3.4438700675964355,3.1716716289520264
105241.0,25.267608642578125,0.9206385016441345,8.81814956665039,3.1716716289520264
105340.0,5.274977684020996,-0.5216353535652161,-1.9184455871582031,3.192329168319702
105439.0,1.4781662225723267,0.4253242313861847,1.3872389793395996,3.192329168319702
105541.0,21.73699951171875,2.4161527156829834,4.4614176750183105,3.192329168319702
105640.0,13.40698528289795,2.9108686447143555,-1.3639088869094849,2.8940906524658203
105740.0,-3.4743785858154297,5.710471153259277,1.4446666240692139,2.8940906524658203
105838.0,-0.12801600992679596,-0.2512463629245758,-1.716252088546753,2.9729912281036377
105936.0,31.00739288330078,1.6019947528839111,19.749160766601562,2.9729912281036377
106036.0,6.911069869995117,-0.24167509377002716,-1.6235301494598389,3.0283942222595215
106135.0,0.39421752095222473,0.7345965504646301,0.8141579031944275,3.0283942222595215
106236.0,19.673189163208008,8.035696983337402,-8.197212219238281,3.0283942222595215
106338.0,11.170892715454102,2.5567309856414795,-2.729612350463867,3.0678153038024902
106435.0,-0.8153542876243591,2.803191661834717,2.8115665912628174,3.0678153038024902
106534.0,1.4709876775741577,-0.0077766734175384045,-2.3497519493103027,3.0678153038024902
106632.0,21.008384704589844,5.911468505859375,4.390231132507324,3.0678153038024902
106730.0,6.321837425231934,-2.7768707275390625,-1.5463616847991943,2.8534271717071533
106829.0,4.13060998916626,2.8085756301879883,2.1750757694244385,2.8534271717071533
106928.0,16.37887191772461,9.824930191040039,-2.379662036895752,3.0532801151275635
107029.0,10.236495018005371,2.1302103996276855,-2.468794822692871,3.205413579940796
107131.0,0.49232324957847595,4.344169616699219,0.9678967595100403,3.205413579940796
107228.0,-0.11485548317432404,-1.0959128141403198,-1.994417667388916,3.205413579940796
107327.0,28.55714225769043,1.357926845550537,9.65803050994873,3.205413579940796
107424.0,7.45782995223999,2.344966173171997,-2.084148406982422,3.3272862434387207
107523.0,-0.8189435601234436,-0.2147558331489563,1.5541383028030396,3.3272862434387207
107624.0,18.755542755126953,-0.2955136001110077,4.937589645385742,3.3272862434387207
107723.0,14.252847671508789,2.366501569747925,-4.060619831085205,3.050591230392456
107822.0,-1.7132610082626343,5.167898654937744,2.420340061187744,3.050591230392456
107920.0,-0.23988047242164612,-0.2907279431819916,-3.334996461868286,3.050591230392456
108018.0,29.604001998901367,3.929612874984741,20.963520050048828,3.050591230392456
108116.0,7.389634609222412,-1.176072359085083,-2.8175487518310547,3.2968733310699463
108214.0,-0.16689938306808472,-0.02153540402650833,1.0498509407043457,3.2968733310699463
108315.0,20.51546287536621,7.393223762512207,-11.281560897827148,3.2968733310699463
108415.0,11.038688659667969,1.4578272104263306,-4.591228485107422,3.2968733310699463
108515.0,1.0217353105545044,3.6436707973480225,1.189831018447876,3.2968733310699463
108614.0,2.940180778503418,0.2727817893028259,-0.6532405614852905,3.2968733310699463
108713.0,21.861425399780273,2.6775684356689453,6.873981475830078,3.2968733310699463
108814.0,3.7010984420776367,-1.1635099649429321,-2.124826431274414,3.0559072494506836
108912.0,1.9986051321029663,1.4679967164993286,2.4233310222625732,3.0559072494506836
109013.0,21.29911231994629,12.440284729003906,-3.840480327606201,3.0559072494506836
109111.0,8.533403396606445,3.607778310775757,-3.0041887760162354,3.247642755508423
109210.0,-0.44027936458587646,4.738387107849121,1.5822539329528809,3.247642755508423
109311.0,0.7429714202880859,0.03349951654672623,-1.8418751955032349,3.247642755508423
109412.0,19.036699295043945,0.062213387340307236,3.783052682876587,3.247642755508423
109510.0,3.5365917682647705,-0.24466611444950104,-2.379662036895752,3.298767566680908
109611.0,2.225325107574463,0.6263213157653809,3.070589542388916,3.298767566680908
109709.0,25.04567527770996,6.554539203643799,4.606781959533691,3.298767566680908
109810.0,12.385848045349121,3.1758737564086914,-2.2612173557281494,3.022385597229004
109910.0,-2.155933141708374,3.8195431232452393,2.458625316619873,3.022385597229004
110009.0,1.6839489936828613,0.542572557926178,3.3984062671661377,3.022385597229004
110108.0,18.82373809814453,1.0809576511383057,-0.5850451588630676,3.022385597229004
110207.0,2.6356940269470215,-2.705684185028076,-1.8167506456375122,3.607576370239258
110307.0,1.48055899143219,9.07418155670166,6.597609996795654,3.607576370239258
110405.0,25.407588958740234,1.7425731420516968,0.4211367964744568,3.607576370239258
110504.0,11.183454513549805,1.4374881982803345,7.915457248687744,3.5994644165039062
110602.0,-1.7886348962783813,3.3403804302215576,4.48833703994751,3.5994644165039062
110700.0,1.319043517112732,-5.885745525360107,6.662814617156982,3.5994644165039062
110798.0,15.192628860473633,0.9224331378936768,-2.18045973777771,3.5994644165039062
110898.0,-0.9200403094291687,-0.5353940725326538,-2.8253252506256104,3.6043477058410645
110997.0,3.5336008071899414,4.027718544006348,3.01196551322937,3.6043477058410645
111097.0,32.3575439453125,-6.497111797332764,-1.4291132688522339,3.6043477058410645
111198.0,13.529019355773926,-0.8781659007072449,0.18963119387626648,3.5001397132873535
111299.0,-4.384249210357666,4.314259052276611,2.801995277404785,3.5001397132873535
111397.0,2.4329023361206055,-2.627917528152466,1.1934202909469604,3.5001397132873535
111498.0,14.397015571594238,2.200798511505127,-2.344966173171997,3.5001397132873535
111599.0,0.7405785918235779,-2.6249263286590576,-1.334596872329712,2.913219690322876
111699.0,2.8211379051208496,4.6540398597717285,5.700301647186279,2.913219690322876
111798.0,27.384658813476562,3.387040376663208,3.5120654106140137,2.913219690322876
111898.0,11.305488586425781,-0.24885354936122894,0.6424728631973267,3.008087158203125
111997.0,-2.8558337688446045,3.301496982574463,2.644068956375122,3.008087158203125
112095.0,1.414756417274475,-1.6648063659667969,2.0829520225524902,3.008087158203125
112193.0,19.444076538085938,-0.07896314561367035,-3.31884503364563,3.008087158203125
112294.0,0.27397820353507996,-0.40259242057800293,-0.013160524889826775,3.0963313579559326
112395.0,3.1627132892608643,3.8709888458251953,4.202992916107178,3.0963313579559326
112493.0,29.117061614990234,-6.076572895050049,0.22612173855304718,3.0963313579559326
112593.0,11.401800155639648,2.042872428894043,0.3768695592880249,2.8051018714904785
112691.0,-3.6939198970794678,3.67657208442688,3.2452657222747803,2.8051018714904785
112791.0,1.1748759746551514,-1.612762451171875,4.479962348937988,2.8051018714904785
112889.0,21.0969181060791,-0.7603194117546082,1.262213945388794,3.0503203868865967
112988.0,0.9517452120780945,-1.5385849475860596,-2.56510591506958,3.200833797454834
113089.0,1.1054840087890625,3.8673996925354004,2.5298118591308594,3.200833797454834
113187.0,29.285757064819336,-2.2127628326416016,9.911669731140137,3.200833797454834
113285.0,11.056036949157715,5.3078789710998535,0.09930214285850525,3.335209608078003
113385.0,-2.6392834186553955,4.350749969482422,2.8211379051208496,3.335209608078003
113484.0,3.45882511138916,-3.1334011554718018,3.978665828704834,3.335209608078003
113584.0,13.070195198059082,2.39401912689209,-3.5168511867523193,3.335209608078003
113684.0,-1.923829436302185,-3.119044303894043,0.7495517134666443,2.8728692531585693
113784.0,3.4127633571624756,5.399404525756836,5.143970489501953,2.8728692531585693
113881.0,34.15933609008789,-6.934998035430908,-1.6558332443237305,2.718313694000244
113979.0,11.420344352722168,2.063211441040039,0.6358926296234131,2.7445623874664307
114077.0,-2.765504837036133,1.3381860256195068,2.8803603649139404,2.7445623874664307
114175.0,1.6432709693908691,-5.258227825164795,7.5086774826049805,2.7445623874664307
114273.0,18.277576446533203,2.700300455093384,-5.002195835113525,2.7445623874664307
114373.0,-1.5194423198699951,-4.426722049713135,0.47198426723480225,2.748039484024048
114472.0,0.8117650747299194,2.20737886428833,5.883950710296631,2.748039484024048
114570.0,28.731220245361328,6.664011001586914,9.701699256896973,2.748039484024048
114671.0,10.968100547790527,0.7399803996086121,-1.5720844268798828,2.597325325012207
114769.0,-3.1585259437561035,4.444668292999268,2.3156540393829346,2.597325325012207
114867.0,0.9804590940475464,-0.275174617767334,-1.2305090427398682,2.597747564315796
114969.0,21.33979034423828,-1.1318050622940063,1.3806586265563965,2.597747564315796
115067.0,5.2971110343933105,0.4582255482673645,0.020338991656899452,2.6038005352020264