98.0,9.112466812133789,-0.11904292553663254,-6.541378974914551,0.08039142936468124
198.0,9.117850303649902,-0.1256231814622879,-6.962515830993652,0.06838881224393845
296.0,10.508678436279297,-0.784247636795044,3.5916268825531006,0.06838881224393845
396.0,9.21296501159668,-0.275174617767334,1.7288143634796143,0.06838881224393845
496.0,9.148359298706055,-0.2638086974620819,0.8709874153137207,0.06838881224393845
597.0,9.111868858337402,-0.23330020904541016,0.16689938306808472,0.06838881224393845
695.0,10.112068176269531,-0.582054078578949,-4.895715236663818,0.06838881224393845
794.0,9.804591178894043,-0.5796613097190857,8.47477912902832,0.06838881224393845
893.0,10.423135757446289,-0.8267202377319336,7.613363265991211,0.06838881224393845
993.0,9.494720458984375,-0.21954147517681122,-8.831908226013184,0.06838881224393845
1091.0,9.765707015991211,-0.4384847581386566,0.20099709928035736,0.06838881224393845
1192.0,9.765707015991211,-0.4815555512905121,0.17706887423992157,0.0577581413090229
1293.0,9.717850685119629,-0.5054838061332703,0.22492532432079315,0.0577581413090229
1391.0,9.756135940551758,-0.5437689423561096,0.1579262912273407,0.0577581413090229
1489.0,9.799206733703613,-0.4576273262500763,0.1866401731967926,0.0577581413090229
1589.0,9.751350402832031,-0.47198426723480225,0.19621145725250244,0.0577581413090229
1687.0,9.77527904510498,-0.4815555512905121,0.19621145725250244,0.0577581413090229
1788.0,9.765707015991211,-0.49591249227523804,0.22013968229293823,0.0577581413090229
1886.0,9.80399227142334,-0.49591249227523804,0.2638086974620819,0.0577581413090229
1984.0,9.774680137634277,-0.5096712112426758,0.35413774847984314,0.0577581413090229
2083.0,9.760921478271484,-0.5288137793540955,0.2679961323738098,0.0577581413090229
2181.0,9.77527904510498,-0.519242525100708,0.3116651475429535,0.049414344131946564
2281.0,9.765109062194824,-0.5144568681716919,0.3397808074951172,0.049414344131946564
2379.0,9.760323524475098,-0.519242525100708,0.37806597352027893,0.049414344131946564
2478.0,9.760323524475098,-0.5048855543136597,0.37806597352027893,0.049414344131946564
2579.0,9.741779327392578,-0.48574298620224,0.3732803463935852,0.049414344131946564
2677.0,9.784252166748047,-0.5096712112426758,0.40677985548973083,0.049414344131946564
2778.0,9.803394317626953,-0.5282155871391296,0.49351966381073,0.049414344131946564
2878.0,9.76989459991455,-0.48035913705825806,0.48813581466674805,0.049414344131946564
2975.0,9.784252166748047,-0.4666004180908203,0.45942193269729614,0.049414344131946564
3073.0,9.755537986755371,-0.5000999569892883,0.4307080805301666,0.049414344131946564
3172.0,9.789037704467773,-0.4905286431312561,0.3930211067199707,0.0424971729516983
3272.0,9.789037704467773,-0.5288137793540955,0.373878538608551,0.0424971729516983
3370.0,9.750752449035645,-0.5048855543136597,0.4019941985607147,0.0424971729516983
3469.0,9.745966911315918,-0.5096712112426758,0.3924229145050049,0.0424971729516983
3568.0,9.760921478271484,-0.519242525100708,0.33020952343940735,0.0424971729516983
3668.0,9.741181373596191,-0.5048855543136597,0.363709032535553,0.0424971729516983
3766.0,9.756135940551758,-0.5048855543136597,0.33499518036842346,0.0424971729516983
3866.0,9.760323524475098,-0.5240281820297241,0.349352091550827,0.0424971729516983
3964.0,9.799206733703613,-0.48574298620224,0.32542386651039124,0.0424971729516983
4062.0,9.77527904510498,-0.5000999569892883,0.33020952343940735,0.0424971729516983
4163.0,9.780064582824707,-0.5000999569892883,0.2871387302875519,0.03751247003674507
4262.0,9.765109062194824,-0.519242525100708,0.35413774847984314,0.03751247003674507
4361.0,9.741181373596191,-0.5383850932121277,0.3355933725833893,0.03751247003674507
4459.0,9.77527904510498,-0.47617170214653015,0.3206382393836975,0.03751247003674507
4557.0,9.780064582824707,-0.48095735907554626,0.35413774847984314,0.03751247003674507
4655.0,9.78963565826416,-0.5000999569892883,0.3355933725833893,0.03751247003674507
4756.0,9.7938232421875,-0.5048855543136597,0.3451646566390991,0.03751247003674507
4855.0,9.784850120544434,-0.5000999569892883,0.3355933725833893,0.03751247003674507
4955.0,9.774680137634277,-0.5000999569892883,0.388235479593277,0.03751247003674507
5053.0,9.780064582824707,-0.4905286431312561,0.349352091550827,0.03751247003674507
5151.0,9.784252166748047,-0.4618147611618042,0.40677985548973083,0.03751247003674507
5250.0,9.784252166748047,-0.5048855543136597,0.3595215976238251,0.031972747296094894
5348.0,9.784252166748047,-0.519242525100708,0.32602208852767944,0.031972747296094894
5446.0,9.765707015991211,-0.5048855543136597,0.33020952343940735,0.031972747296094894
5546.0,9.784850120544434,-0.5096712112426758,0.32123643159866333,0.031972747296094894
5646.0,9.765109062194824,-0.4905286431312561,0.3643072545528412,0.031972747296094894
5748.0,9.78963565826416,-0.4378865361213684,0.3732803463935852,0.031972747296094894
5849.0,9.78963565826416,-0.4384847581386566,0.33499518036842346,0.031972747296094894
5947.0,9.808777809143066,-0.48095735907554626,0.33080771565437317,0.031972747296094894
6047.0,9.784850120544434,-0.5096712112426758,0.33080771565437317,0.031972747296094894
6147.0,9.76989459991455,-0.4953143000602722,0.3643072545528412,0.031972747296094894
6246.0,9.722636222839355,-0.5000999569892883,0.3732803463935852,0.0285324826836586
6348.0,9.745966911315918,-0.48095735907554626,0.4259224236011505,0.0285324826836586
6448.0,9.803394317626953,-0.4570291340351105,0.46899324655532837,0.0285324826836586
6549.0,9.750752449035645,-0.48514479398727417,0.46420758962631226,0.0285324826836586
6650.0,9.765109062194824,-0.48514479398727417,0.5694918036460876,0.0285324826836586
6748.0,9.774680137634277,-0.5186443328857422,0.47916272282600403,0.0285324826836586
6846.0,9.755537986755371,-0.494716078042984,0.5168496966362,0.0285324826836586
6946.0,9.745966911315918,-0.5324030518531799,0.5700899958610535,0.0285324826836586
7045.0,9.726823806762695,-0.5180460810661316,0.5742774605751038,0.0285324826836586
7144.0,9.760323524475098,-0.4660021960735321,0.5838487148284912,0.0285324826836586
7244.0,9.779465675354004,-0.48035913705825806,0.5413761138916016,0.02437380887567997
7343.0,9.779465675354004,-0.5042873620986938,0.5413761138916016,0.02437380887567997
7442.0,9.789037704467773,-0.494716078042984,0.5030909776687622,0.02437380887567997
7541.0,9.750752449035645,-0.48514479398727417,0.550349235534668,0.02437380887567997
7642.0,9.760323524475098,-0.5138586759567261,0.48873403668403625,0.02437380887567997
7740.0,9.736394882202148,-0.5144568681716919,0.4019941985607147,0.02437380887567997
7838.0,9.76989459991455,-0.5330012440681458,0.4456632137298584,0.02437380887567997
7936.0,9.784252166748047,-0.4378865361213684,0.4259224236011505,0.02437380887567997
8036.0,9.736394882202148,-0.42831525206565857,0.46899324655532837,0.02437380887567997
8136.0,9.731609344482422,-0.4331009089946747,0.49292147159576416,0.02437380887567997
8237.0,9.812965393066406,-0.4331009089946747,0.47916272282600403,0.021387146785855293
8338.0,9.865009307861328,-0.4612165689468384,0.6849454641342163,0.021387146785855293
8437.0,9.832108497619629,-0.4612165689468384,0.584446907043457,0.021387146785855293
8536.0,9.78963565826416,-0.45284169912338257,0.3116651475429535,0.021387146785855293
8634.0,9.904491424560547,-0.5186443328857422,0.4749752879142761,0.021387146785855293
8733.0,9.799206733703613,-0.45284169912338257,0.2877369225025177,0.021387146785855293
8832.0,9.780064582824707,-0.4815555512905121,0.24945175647735596,0.021387146785855293
8931.0,9.80399227142334,-0.49591249227523804,0.25423741340637207,0.021387146785855293
9029.0,9.746564865112305,-0.4905286431312561,0.35413774847984314,0.021387146785855293
9127.0,9.70349407196045,-0.5240281820297241,0.23449662327766418,0.021387146785855293
9225.0,9.741779327392578,-0.5054838061332703,0.24945175647735596,0.017430871725082397
9323.0,9.732208251953125,-0.4863412082195282,0.28235307335853577,0.017430871725082397
9421.0,9.780064582824707,-0.4863412082195282,0.2877369225025177,0.017430871725082397
9519.0,9.765707015991211,-0.45284169912338257,0.2967100143432617,0.017430871725082397
9619.0,9.784850120544434,-0.46719861030578613,0.3068794906139374,0.017430871725082397
9717.0,9.779465675354004,-0.47617170214653015,0.3930211067199707,0.017430871725082397
9817.0,9.770493507385254,-0.4384847581386566,0.2967100143432617,0.017430871725082397
9915.0,9.80817985534668,-0.5000999569892883,0.35473597049713135,0.017430871725082397
10014.0,9.780064582824707,-0.5000999569892883,0.32602208852767944,0.017430871725082397
10112.0,10.299904823303223,-0.6867401003837585,-3.476173162460327,0.017430871725082397
10210.0,9.633503913879395,-0.5282155871391296,8.153543472290039,0.0144440783187747
10309.0,9.571290969848633,-0.2626122832298279,-8.888139724731445,0.0144440783187747
10407.0,10.306485176086426,-0.8039883971214294,8.62313461303711,0.0144440783187747
10505.0,9.023932456970215,-0.16869398951530457,-5.56869649887085,0.0144440783187747
10604.0,9.794421195983887,-0.5000999569892883,0.3068794906139374,0.0144440783187747
10703.0,9.784850120544434,-0.5288137793540955,0.3068794906139374,0.0144440783187747
10803.0,9.784252166748047,-0.5240281820297241,0.3643072545528412,0.0144440783187747
10901.0,9.77527904510498,-0.5431707501411438,0.30209386348724365,0.0144440783187747
11001.0,9.726823806762695,-0.5431707501411438,0.35473597049713135,0.0144440783187747
11101.0,9.741181373596191,-0.5335994362831116,0.35473597049713135,0.0144440783187747
11201.0,9.765109062194824,-0.5383850932121277,0.3451646566390991,0.01205965131521225
11301.0,9.7938232421875,-0.519242525100708,0.37447673082351685,0.01205965131521225
11399.0,9.745966911315918,-0.5383850932121277,0.3643072545528412,0.01205965131521225
11499.0,9.736394882202148,-0.5335994362831116,0.3403790295124054,0.01205965131521225
11599.0,9.798608779907227,-0.5096712112426758,0.4127618968486786,0.01205965131521225
11699.0,9.765109062194824,-0.5144568681716919,0.388235479593277,0.01205965131521225
11799.0,9.717252731323242,-0.5234299302101135,0.4217349886894226,0.01205965131521225
11900.0,9.755537986755371,-0.48095735907554626,0.4504488706588745,0.01205965131521225
12001.0,9.750752449035645,-0.5234299302101135,0.4504488706588745,0.01205965131521225
12099.0,9.736394882202148,-0.5377869009971619,0.4169493317604065,0.01205965131521225
12199.0,9.750752449035645,-0.5377869009971619,0.43190449476242065,0.011059868149459362
12297.0,9.7938232421875,-0.48095735907554626,0.46002015471458435,0.011059868149459362
12398.0,9.736394882202148,-0.4953143000602722,0.43609192967414856,0.011059868149459362
12499.0,9.726823806762695,-0.5186443328857422,0.46002015471458435,0.011059868149459362
12600.0,9.741779327392578,-0.5048855543136597,0.3164508044719696,0.011059868149459362
12700.0,9.76989459991455,-0.5000999569892883,0.3690928816795349,0.011059868149459362
12801.0,9.755537986755371,-0.5473581552505493,0.4941178858280182,0.011059868149459362
12902.0,9.717850685119629,-0.47617170214653015,0.3158525824546814,0.011059868149459362
13003.0,9.760323524475098,-0.4905286431312561,0.388235479593277,0.011059868149459362
13101.0,9.760323524475098,-0.42831525206565857,0.5126622319221497,0.011059868149459362
13201.0,9.765109062194824,-0.4426721930503845,0.43609192967414856,0.009540587663650513
13299.0,9.732208251953125,-0.4624129831790924,0.32123643159866333,0.009540587663650513
13399.0,9.745966911315918,-0.4713860750198364,0.4169493317604065,0.009540587663650513
13497.0,9.78963565826416,-0.4576273262500763,0.3451646566390991,0.009540587663650513
13596.0,9.722636222839355,-0.4331009089946747,0.43549370765686035,0.009540587663650513
13694.0,9.731609344482422,-0.47617170214653015,0.4408775866031647,0.009540587663650513
13792.0,9.755537986755371,-0.4378865361213684,0.4695914387702942,0.009540587663650513
13893.0,9.726823806762695,-0.5000999569892883,0.3930211067199707,0.009540587663650513
13991.0,9.707681655883789,-0.48035913705825806,0.4833501875400543,0.009540587663650513
14092.0,9.779465675354004,-0.4618147611618042,0.4743770956993103,0.009540587663650513
14191.0,9.755537986755371,-0.4570291340351105,0.49351966381073,0.008059153333306313
14291.0,9.750752449035645,-0.4426721930503845,0.5126622319221497,0.008059153333306313
14389.0,9.836894035339355,-0.3852444589138031,0.584446907043457,0.008059153333306313
14488.0,9.76989459991455,-0.4660021960735321,0.5174478888511658,0.008059153333306313
14587.0,9.779465675354004,-0.494716078042984,0.5461617708206177,0.008059153333306313
14685.0,9.741181373596191,-0.4905286431312561,0.38344982266426086,0.008059153333306313
14783.0,9.664610862731934,-0.47557350993156433,0.5264210104942322,0.008059153333306313
14882.0,9.741181373596191,-0.44745782017707825,0.45523449778556824,0.008059153333306313
14980.0,9.765109062194824,-0.5000999569892883,0.40259242057800293,0.008059153333306313
15080.0,9.698110580444336,-0.47557350993156433,0.5024927258491516,0.008059153333306313
15181.0,9.755537986755371,-0.5234299302101135,0.4217349886894226,0.006763603072613478
15281.0,9.741181373596191,-0.48095735907554626,0.388235479593277,0.006763603072613478
15379.0,9.812965393066406,-0.4713860750198364,0.388235479593277,0.006763603072613478
15478.0,9.736993789672852,-0.5000999569892883,0.32602208852767944,0.006763603072613478
15576.0,9.78963565826416,-0.49591249227523804,0.2638086974620819,0.006763603072613478
15675.0,9.760921478271484,-0.4618147611618042,0.35473597049713135,0.006763603072613478
15773.0,9.770493507385254,-0.5000999569892883,0.3355933725833893,0.006763603072613478
15874.0,9.827920913696289,-0.4384847581386566,0.3451646566390991,0.006763603072613478
15973.0,9.837491989135742,-0.46719861030578613,0.2883351147174835,0.006763603072613478
16073.0,9.780064582824707,-0.4624129831790924,0.32123643159866333,0.006763603072613478
16173.0,9.760921478271484,-0.4863412082195282,0.2877369225025177,0.34566622972488403
16271.0,9.784850120544434,-0.49591249227523804,0.2835494875907898,0.34566622972488403
16372.0,9.794421195983887,-0.5150550603866577,0.26440688967704773,0.34566622972488403
16472.0,9.732208251953125,-0.5383850932121277,0.2883351147174835,0.34566622972488403
16571.0,9.722636222839355,-0.5288137793540955,0.27337998151779175,0.34566622972488403
16671.0,9.760921478271484,-0.5102694034576416,0.27337998151779175,0.34566622972488403
16770.0,9.794421195983887,-0.49591249227523804,0.27397820353507996,0.34566622972488403
16869.0,9.770493507385254,-0.49591249227523804,0.27337998151779175,0.34566622972488403
16969.0,9.803394317626953,-0.5048855543136597,0.3314059376716614,0.34566622972488403
17067.0,9.780064582824707,-0.4953143000602722,0.32123643159866333,0.34566622972488403
17167.0,9.756135940551758,-0.5096712112426758,0.27816563844680786,0.3349887430667877
17268.0,9.78963565826416,-0.4863412082195282,0.27337998151779175,0.3349887430667877
17366.0,9.77527904510498,-0.47198426723480225,0.3164508044719696,0.3349887430667877
17466.0,9.808777809143066,-0.47198426723480225,0.25004997849464417,0.3349887430667877
17567.0,9.789037704467773,-0.5383850932121277,0.32662028074264526,0.3349887430667877
17666.0,9.780064582824707,-0.47676992416381836,0.24945175647735596,0.3349887430667877
17766.0,9.832706451416016,-0.42412781715393066,0.25423741340637207,0.3349887430667877
17865.0,9.751350402832031,-0.5006981492042542,0.22552353143692017,0.3349887430667877
17963.0,9.741779327392578,-0.5054838061332703,0.22073788940906525,0.3349887430667877
18061.0,9.713065147399902,-0.4815555512905121,0.2350948303937912,0.3349887430667877
18161.0,9.81356430053711,-0.5006981492042542,0.2787638306617737,0.3349887430667877
18260.0,9.717850685119629,-0.5144568681716919,0.29730820655822754,0.3144311308860779
18359.0,9.78963565826416,-0.4576273262500763,0.34995031356811523,0.3144311308860779
18457.0,9.80399227142334,-0.44805604219436646,0.34995031356811523,0.3144311308860779
18555.0,9.770493507385254,-0.47198426723480225,0.32602208852767944,0.3144311308860779
18653.0,9.780064582824707,-0.48574298620224,0.35533416271209717,0.3144311308860779
18752.0,9.751350402832031,-0.48095735907554626,0.3355933725833893,0.3144311308860779
18850.0,9.756135940551758,-0.48095735907554626,0.3643072545528412,0.3144311308860779
18949.0,9.774680137634277,-0.4905286431312561,0.37447673082351685,0.3144311308860779
19047.0,9.784850120544434,-0.47198426723480225,0.32662028074264526,0.3144311308860779
19145.0,9.741779327392578,-0.41934216022491455,0.32123643159866333,0.3144311308860779
19244.0,9.770493507385254,-0.4570291340351105,0.3643072545528412,0.28723055124282837
19342.0,9.780064582824707,-0.4384847581386566,0.35473597049713135,0.28723055124282837
19443.0,9.832706451416016,-0.4384847581386566,0.3601198196411133,0.28723055124282837
19543.0,9.780064582824707,-0.4384847581386566,0.3355933725833893,0.28723055124282837
19644.0,9.732208251953125,-0.4426721930503845,0.3595215976238251,0.28723055124282837
19742.0,9.756135940551758,-0.44327038526535034,0.33080771565437317,0.28723055124282837
19841.0,9.77527904510498,-0.4576273262500763,0.32662028074264526,0.28723055124282837
19942.0,9.756135940551758,-0.44805604219436646,0.32123643159866333,0.28723055124282837
20042.0,9.325428009033203,-0.3206382393836975,4.933402061462402,0.28723055124282837
20140.0,9.750752449035645,-0.30209386348724365,-7.9381890296936035,0.28723055124282837
20238.0,10.299904823303223,-0.8297112584114075,9.418747901916504,0.2559037208557129
20337.0,8.880363464355469,-0.003589233849197626,-7.4949188232421875,0.2559037208557129
20438.0,8.924032211303711,-0.03349951654672623,-7.849056243896484,0.2559037208557129
20538.0,9.841081619262695,-0.5377869009971619,0.5617151260375977,0.2559037208557129
20637.0,9.760323524475098,-0.519242525100708,0.39840495586395264,0.2559037208557129
20738.0,9.784252166748047,-0.5048855543136597,0.4223332107067108,0.2559037208557129
20836.0,9.745966911315918,-0.4953143000602722,0.4127618968486786,0.2559037208557129
20935.0,9.750752449035645,-0.4666004180908203,0.4217349886894226,0.2559037208557129
21033.0,9.750752449035645,-0.4713860750198364,0.40737804770469666,0.2559037208557129
21131.0,9.756135940551758,-0.4570291340351105,0.3595215976238251,0.2559037208557129
21229.0,9.750752449035645,-0.5240281820297241,0.40797626972198486,0.2251659780740738
21328.0,9.726823806762695,-0.542572557926178,0.40797626972198486,0.2251659780740738
21428.0,9.722038269042969,-0.5383850932121277,0.37926238775253296,0.2251659780740738
21526.0,9.755537986755371,-0.5096712112426758,0.3888336718082428,0.2251659780740738
21624.0,9.76989459991455,-0.5000999569892883,0.4366901218891144,0.2251659780740738
21724.0,9.76989459991455,-0.4899304509162903,0.503689169883728,0.2251659780740738
21822.0,9.76989459991455,-0.5048855543136597,0.35533416271209717,0.2251659780740738
21921.0,9.779465675354004,-0.5808576941490173,0.45164528489112854,0.2251659780740738
22021.0,9.760323524475098,-0.5994020700454712,0.5042873620986938,0.2251659780740738
22119.0,9.784252166748047,-0.6041877269744873,0.50907301902771,0.2251659780740738
22220.0,9.760323524475098,-0.600000262260437,0.48514479398727417,0.19520807266235352
22319.0,9.764511108398438,-0.6424728631973267,0.5377869009971619,0.19520807266235352
22419.0,9.745368003845215,-0.6903293132781982,0.50907301902771,0.19520807266235352
22520.0,9.754940032958984,-0.6424728631973267,0.5856433510780334,0.19520807266235352
22618.0,9.745966911315918,-0.5952146053314209,0.389431893825531,0.19520807266235352
22719.0,9.688538551330566,-0.6520441770553589,0.4899304509162903,0.19520807266235352
22819.0,9.731011390686035,-0.656829833984375,0.5330012440681458,0.19520807266235352
22917.0,9.80817985534668,-0.5712863802909851,0.45643091201782227,0.19520807266235352
23016.0,9.779465675354004,-0.5760720372200012,0.50907301902771,0.19520807266235352
23115.0,9.77408218383789,-0.656829833984375,0.4953143000602722,0.19520807266235352
23215.0,9.817750930786133,-0.6047859191894531,0.4713860750198364,0.16758625209331512
23314.0,9.712467193603516,-0.6041877269744873,0.503689169883728,0.16758625209331512
23414.0,9.755537986755371,-0.6376872062683105,0.45164528489112854,0.16758625209331512
23513.0,9.789037704467773,-0.6095715761184692,0.4085744619369507,0.16758625209331512
23611.0,9.745966911315918,-0.542572557926178,0.47976094484329224,0.16758625209331512
23709.0,9.798608779907227,-0.5808576941490173,0.4181457459926605,0.16758625209331512
23807.0,9.803394317626953,-0.5910272002220154,0.3607180118560791,0.16758625209331512
23905.0,9.80817985534668,-0.6287141442298889,0.4618147611618042,0.16758625209331512
24003.0,9.789037704467773,-0.6526423692703247,0.4091726839542389,0.16758625209331512
24103.0,9.717252731323242,-0.6526423692703247,0.3846462368965149,0.16758625209331512
24203.0,9.779465675354004,-0.6047859191894531,0.4181457459926605,0.14273421466350555
24301.0,9.765109062194824,-0.5670989751815796,0.3361915946006775,0.14273421466350555
24399.0,9.755537986755371,-0.6239284873008728,0.3367897868156433,0.14273421466350555
24497.0,9.741181373596191,-0.5623133182525635,0.3361915946006775,0.14273421466350555
24597.0,9.750752449035645,-0.6095715761184692,0.32721850275993347,0.14273421466350555
24695.0,9.750752449035645,-0.5473581552505493,0.4181457459926605,0.14273421466350555
24794.0,9.750752449035645,-0.5904290080070496,0.355932354927063,0.14273421466350555
24892.0,9.741181373596191,-0.600000262260437,0.35114672780036926,0.14273421466350555
24993.0,9.736394882202148,-0.6143572330474854,0.3320041298866272,0.14273421466350555
25092.0,9.741181373596191,-0.5952146053314209,0.37028929591178894,0.14273421466350555
25190.0,9.726823806762695,-0.6143572330474854,0.4181457459926605,0.12091666460037231
25288.0,9.736394882202148,-0.6143572330474854,0.4085744619369507,0.12091666460037231
25388.0,9.659825325012207,-0.5904290080070496,0.3601198196411133,0.12091666460037231
25485.0,9.774680137634277,-0.5904290080070496,0.4372883439064026,0.12091666460037231
25583.0,9.851250648498535,-0.5862415432929993,0.34695929288864136,0.12091666460037231
25684.0,9.732208251953125,-0.5623133182525635,0.24047867953777313,0.12091666460037231
25782.0,9.808777809143066,-0.49591249227523804,0.2309073805809021,0.12091666460037231
25881.0,9.717252731323242,-0.7244270443916321,0.2512463629245758,0.12091666460037231
25979.0,10.152746200561523,-0.7004988193511963,0.38763725757598877,0.12091666460037231
26078.0,9.610772132873535,-1.2376874685287476,0.5066801905632019,0.12091666460037231
26176.0,9.780064582824707,-0.33858439326286316,0.25423741340637207,0.10183294862508774
26275.0,9.702896118164062,-0.7914260625839233,0.18424734473228455,0.10183294862508774
26373.0,9.6795654296875,-0.6149554252624512,0.2602194547653198,0.10183294862508774
26472.0,9.799206733703613,-0.4911268353462219,0.2315055876970291,0.10183294862508774
26573.0,9.822537422180176,-0.7674978375434875,0.2470589429140091,0.10183294862508774
26671.0,9.693922996520996,-0.5862415432929993,0.26919254660606384,0.10183294862508774
26769.0,9.803394317626953,-0.7483552694320679,0.2805584669113159,0.10183294862508774
26867.0,9.774680137634277,-0.633499801158905,0.3517449200153351,0.10183294862508774
26967.0,9.741181373596191,-0.6765705943107605,0.3900300860404968,0.10183294862508774
27067.0,9.726823806762695,-0.6101697683334351,0.3032902777194977,0.10183294862508774
27165.0,9.736394882202148,-0.7052844762802124,0.29431718587875366,0.0923188179731369
27265.0,9.7938232421875,-0.6005984544754028,0.3565305769443512,0.0923188179731369
27365.0,9.798608779907227,-0.638883650302887,0.3086741268634796,0.0923188179731369
27463.0,9.669994354248047,-0.5431707501411438,0.3601198196411133,0.0923188179731369
27564.0,9.6795654296875,-0.6101697683334351,0.28893333673477173,0.0923188179731369
27665.0,9.7938232421875,-0.6340979933738708,0.275174617767334,0.0923188179731369
27763.0,9.760323524475098,-0.6005984544754028,0.32721850275993347,0.0923188179731369
27864.0,9.726823806762695,-0.6047859191894531,0.40378883481025696,0.0923188179731369
27965.0,9.750752449035645,-0.6287141442298889,0.3846462368965149,0.0923188179731369
28063.0,9.832108497619629,-0.5665007829666138,0.4181457459926605,0.0923188179731369
28161.0,9.7938232421875,-0.6478567123413086,0.3756731450557709,0.0923188179731369
28260.0,9.812965393066406,-0.6239284873008728,0.4043870270252228,0.07909871637821198
28359.0,9.76989459991455,-0.5808576941490173,0.45643091201782227,0.07909871637821198
28459.0,9.822537422180176,-0.6287141442298889,0.4043870270252228,0.07909871637821198
28557.0,9.764511108398438,-0.7238288521766663,0.4863412082195282,0.07909871637821198
28656.0,9.8267240524292,-0.6089733839035034,0.6293123364448547,0.07909871637821198
28754.0,9.698110580444336,-0.5850451588630676,0.5754738450050354,0.07909871637821198
28855.0,9.783653259277344,-0.6520441770553589,0.5431707501411438,0.07909871637821198
28955.0,9.778867721557617,-0.5706881880760193,0.5952146053314209,0.07909871637821198
29056.0,9.702896118164062,-0.6424728631973267,0.4468596279621124,0.07909871637821198
29157.0,9.80817985534668,-0.633499801158905,0.4618147611618042,0.07909871637821198
29255.0,9.640682220458984,-0.6430711150169373,0.39900317788124084,0.06738092005252838
29356.0,9.769296646118164,-0.7232306599617004,0.5479564070701599,0.06738092005252838
29457.0,9.865009307861328,-0.6047859191894531,0.5144568681716919,0.06738092005252838
29555.0,9.721440315246582,-0.5988038778305054,0.6861419081687927,0.06738092005252838
29655.0,9.77408218383789,-0.6370890140533447,0.7202396392822266,0.06738092005252838
29754.0,9.69930648803711,-0.3487538993358612,0.12023933976888657,0.06738092005252838
29855.0,9.501300811767578,-0.7704889178276062,0.5850451588630676,0.06738092005252838
29953.0,9.597611427307129,-0.6095715761184692,0.37447673082351685,0.06738092005252838
30054.0,9.321240425109863,-0.3798605799674988,6.902695178985596,0.06738092005252838
30152.0,9.778867721557617,-0.6502495408058167,-7.940581798553467,0.06738092005252838
30253.0,9.644869804382324,-0.4737788736820221,-7.918448448181152,0.056861456483602524
30351.0,10.132407188415527,-0.900897741317749,9.294321060180664,0.056861456483602524
30450.0,9.156135559082031,-0.26500511169433594,-7.109076023101807,0.056861456483602524
30548.0,9.750752449035645,-0.6382854580879211,0.3900300860404968,0.056861456483602524
30650.0,9.722038269042969,-0.6191428303718567,0.4468596279621124,0.056861456483602524
30748.0,9.722038269042969,-0.6430711150169373,0.39421752095222473,0.056861456483602524
30846.0,9.759725570678711,-0.7238288521766663,0.5150550603866577,0.056861456483602524
30946.0,9.846465110778809,-0.7435696125030518,0.26201409101486206,0.056861456483602524
31046.0,9.727422714233398,-0.34277185797691345,0.388235479593277,0.056861456483602524
31145.0,9.851250648498535,-0.6047859191894531,0.44327038526535034,0.056861456483602524
31246.0,9.644869804382324,-0.8333004713058472,0.4097708761692047,0.04774574935436249
31344.0,9.789037704467773,-0.7202396392822266,0.18484555184841156,0.04774574935436249
31442.0,9.754940032958984,-0.8578268885612488,0.30508488416671753,0.04774574935436249
31541.0,9.799206733703613,-0.47258245944976807,0.18364913761615753,0.04774574935436249
31640.0,9.663414001464844,-0.9332008361816406,0.534795880317688,0.04774574935436249
31740.0,9.827920913696289,-0.4815555512905121,0.26979073882102966,0.04774574935436249
31838.0,9.717252731323242,-0.5335994362831116,0.4133601188659668,0.04774574935436249
31936.0,9.751350402832031,-0.519242525100708,0.3032902777194977,0.04774574935436249
32034.0,9.726823806762695,-0.6239284873008728,0.355932354927063,0.04774574935436249
32134.0,9.89013385772705,-0.6819544434547424,0.2667997181415558,0.04774574935436249
32232.0,9.692726135253906,-0.8811569213867188,0.39062830805778503,0.03996659442782402
32330.0,9.736394882202148,-0.42771705985069275,0.6424728631973267,0.03996659442782402
32429.0,9.687342643737793,-0.6263213157653809,0.9403793215751648,0.03996659442782402
32527.0,9.689735412597656,-0.2763710021972656,0.31106695532798767,0.03996659442782402
32625.0,9.856036186218262,-0.4289134442806244,0.39421752095222473,0.03996659442782402
32726.0,9.812965393066406,-0.6580262184143066,0.19920247793197632,0.03996659442782402
32824.0,9.540184020996094,-0.8243274092674255,0.20338992774486542,0.03996659442782402
32923.0,9.755537986755371,-0.656829833984375,0.4570291340351105,0.03996659442782402
33021.0,9.645467758178711,-0.6999006271362305,0.4331009089946747,0.03996659442782402
33119.0,9.80817985534668,-0.39421752095222473,0.6951149702072144,0.03996659442782402
33218.0,9.741779327392578,-0.3481557071208954,0.32123643159866333,0.03339136019349098
33318.0,9.778867721557617,-0.8482556343078613,0.3002992272377014,0.03339136019349098
33416.0,9.836894035339355,-0.753140926361084,0.3002992272377014,0.03339136019349098
33515.0,9.693324089050293,-0.7052844762802124,0.28953152894973755,0.03339136019349098
33613.0,9.784252166748047,-0.6813562512397766,0.41934216022491455,0.03339136019349098
33711.0,9.836894035339355,-0.6813562512397766,0.34277185797691345,0.03339136019349098
33811.0,9.827322959899902,-0.6382854580879211,0.39541393518447876,0.03339136019349098
33911.0,9.889535903930664,-0.6287141442298889,0.5150550603866577,0.03339136019349098
34010.0,9.693922996520996,-0.4331009089946747,0.45583271980285645,0.03339136019349098
34108.0,9.77408218383789,-0.7328019142150879,0.5676971673965454,0.03339136019349098
34209.0,9.755537986755371,-0.6717849373817444,0.37088751792907715,0.027156885713338852
34307.0,9.741181373596191,-0.6861419081687927,0.3756731450557709,0.027156885713338852
34408.0,9.817750930786133,-0.6293123364448547,0.3326023519039154,0.027156885713338852
34506.0,9.76989459991455,-0.6717849373817444,0.3613162338733673,0.027156885713338852
34607.0,9.812965393066406,-0.600000262260437,0.39481574296951294,0.027156885713338852
34704.0,9.798608779907227,-0.5617151260375977,0.4378865361213684,0.027156885713338852
34803.0,9.784252166748047,-0.48574298620224,0.494716078042984,0.027156885713338852
34904.0,9.66939640045166,-0.7238288521766663,0.3852444589138031,0.027156885713338852
35002.0,9.8267240524292,-0.6329016089439392,0.5054838061332703,0.027156885713338852
35103.0,9.865608215332031,-0.5383850932121277,0.4043870270252228,0.027156885713338852
35203.0,9.756135940551758,-0.5533402562141418,0.22193430364131927,0.022272584959864616
35301.0,9.779465675354004,-0.605384111404419,0.2560320198535919,0.022272584959864616
35399.0,9.727422714233398,-0.605384111404419,0.21774685382843018,0.022272584959864616
35499.0,9.856036186218262,-0.6340979933738708,0.3236292600631714,0.022272584959864616
35599.0,9.770493507385254,-0.5575276613235474,0.2554338276386261,0.022272584959864616
35698.0,9.722038269042969,-0.6628118753433228,0.2273181527853012,0.022272584959864616
35796.0,9.717850685119629,-0.638883650302887,0.16031911969184875,0.022272584959864616
35897.0,9.746564865112305,-0.5868397355079651,0.18903298676013947,0.022272584959864616
35998.0,9.751350402832031,-0.49591249227523804,0.18843477964401245,0.022272584959864616
36096.0,9.799206733703613,-0.582054078578949,0.2273181527853012,0.022272584959864616
36194.0,9.770493507385254,-0.6149554252624512,0.2273181527853012,0.018201207742094994
36295.0,9.817750930786133,-0.605384111404419,0.2560320198535919,0.018201207742094994
36393.0,9.732208251953125,-0.5958128571510315,0.2267199456691742,0.018201207742094994
36494.0,9.841679573059082,-0.576670229434967,0.26560330390930176,0.018201207742094994
36592.0,9.732208251953125,-0.576670229434967,0.2602194547653198,0.018201207742094994
36691.0,9.81356430053711,-0.5389832854270935,0.2799602448940277,0.018201207742094994
36791.0,9.732208251953125,-0.5198407173156738,0.18364913761615753,0.018201207742094994
36890.0,9.702896118164062,-0.6472585201263428,0.5048855543136597,0.018201207742094994
36991.0,9.784850120544434,-0.6532405614852905,0.18484555184841156,0.018201207742094994
37091.0,9.861420631408691,-0.4863412082195282,0.2799602448940277,0.018201207742094994
37190.0,9.798608779907227,-0.576670229434967,0.2991028428077698,0.014990132302045822
37287.0,9.875777244567871,-0.6005984544754028,0.251844584941864,0.014990132302045822
37385.0,9.798608779907227,-0.5814558863639832,0.3086741268634796,0.014990132302045822
37485.0,9.77527904510498,-0.576670229434967,0.27038896083831787,0.014990132302045822
37584.0,9.756135940551758,-0.638883650302887,0.20338992774486542,0.014990132302045822
37683.0,9.736394882202148,-0.6771687865257263,0.21296121180057526,0.014990132302045822
37781.0,9.722636222839355,-0.6197410821914673,0.20817556977272034,0.014990132302045822
37879.0,9.765109062194824,-0.5814558863639832,0.2991028428077698,0.014990132302045822
37977.0,9.784850120544434,-0.605384111404419,0.2225325107574463,0.014990132302045822
38075.0,9.808777809143066,-0.5964110493659973,0.18903298676013947,0.014990132302045822
38175.0,9.760921478271484,-0.6771687865257263,0.1417747437953949,0.01239144429564476
38273.0,9.78963565826416,-0.6293123364448547,0.18005990982055664,0.01239144429564476
38371.0,9.780064582824707,-0.5772684812545776,0.1746760457754135,0.01239144429564476
38469.0,9.765707015991211,-0.615553617477417,0.13160525262355804,0.01239144429564476
38567.0,9.751350402832031,-0.5916253924369812,0.17946170270442963,0.01239144429564476
38667.0,9.799206733703613,-0.5964110493659973,0.10289137065410614,0.01239144429564476
38765.0,9.765707015991211,-0.6394818425178528,0.13639089465141296,0.01239144429564476
38865.0,9.698708534240723,-0.615553617477417,0.1453639715909958,0.01239144429564476
38965.0,9.760921478271484,-0.6107679605484009,0.15553347766399384,0.01239144429564476
39066.0,9.741779327392578,-0.6675975322723389,0.15074782073497772,0.01239144429564476
39165.0,9.751350402832031,-0.582054078578949,0.20817556977272034,0.009566709399223328
39264.0,9.727422714233398,-0.5958128571510315,0.20817556977272034,0.009566709399223328
39366.0,9.722636222839355,-0.576670229434967,0.28953152894973755,0.009566709399223328
39464.0,9.741181373596191,-0.6382854580879211,0.3900300860404968,0.009566709399223328
39563.0,9.765707015991211,-0.5964110493659973,0.18424734473228455,0.009566709399223328
39661.0,9.722636222839355,-0.605384111404419,0.24646073579788208,0.009566709399223328
39760.0,9.751350402832031,-0.5814558863639832,0.26081767678260803,0.009566709399223328
39861.0,9.736394882202148,-0.5910272002220154,0.3326023519039154,0.009566709399223328
39959.0,9.779465675354004,-0.5623133182525635,0.31824541091918945,0.009566709399223328
40057.0,9.141180992126465,-0.17587246000766754,-8.760722160339355,0.009566709399223328
40156.0,10.677372932434082,-1.1341979503631592,7.024729251861572,0.009566709399223328
40254.0,8.726025581359863,-0.10468599200248718,-2.730808734893799,0.007536107208579779
40352.0,9.515059471130371,-0.534795880317688,7.65164852142334,0.007536107208579779
40451.0,9.460622787475586,-0.33798620104789734,-8.72901725769043,0.007536107208579779
40550.0,9.750154495239258,-0.5659025311470032,0.6005984544754028,0.007536107208579779
40649.0,9.717252731323242,-0.576670229434967,0.32303106784820557,0.007536107208579779
40750.0,9.726823806762695,-0.605384111404419,0.2991028428077698,0.007536107208579779
40850.0,9.750752449035645,-0.6293123364448547,0.2991028428077698,0.007536107208579779
40948.0,10.05703353881836,-0.5862415432929993,0.3966103494167328,0.007536107208579779
41046.0,9.641879081726074,-0.4773681163787842,0.04905286431312561,0.007536107208579779
41144.0,9.881160736083984,-0.5826523303985596,0.06520441919565201,0.007536107208579779
41242.0,9.665806770324707,-0.5204389095306396,0.0975075215101242,0.0060992552898824215
41341.0,9.760921478271484,-0.5868397355079651,0.1746760457754135,0.0060992552898824215
41439.0,9.851848602294922,-0.6586244106292725,0.1423729509115219,0.0060992552898824215
41537.0,9.799206733703613,-0.5964110493659973,0.15613168478012085,0.0060992552898824215
41635.0,9.765707015991211,-0.6059823632240295,0.12681959569454193,0.0060992552898824215
41733.0,9.760921478271484,-0.5916253924369812,0.10827522724866867,0.0060992552898824215
41831.0,9.746564865112305,-0.5868397355079651,0.13639089465141296,0.0060992552898824215
41931.0,9.751350402832031,-0.5485545992851257,0.15074782073497772,0.0060992552898824215
42029.0,9.784850120544434,-0.6251249313354492,0.05563312768936157,0.0060992552898824215
42128.0,9.799206733703613,-0.5539384484291077,0.07896314561367035,0.0060992552898824215
42226.0,9.794421195983887,-0.6299105882644653,0.0891326442360878,0.005000563338398933
42326.0,9.794421195983887,-0.6011967062950134,0.1178465187549591,0.005000563338398933
42424.0,9.78963565826416,-0.4863412082195282,0.19322042167186737,0.005000563338398933
42522.0,9.78963565826416,-0.6011967062950134,0.18963119387626648,0.005000563338398933
42622.0,9.885348320007324,-0.7010970115661621,0.20997019112110138,0.005000563338398933
42724.0,9.942776679992676,-0.6861419081687927,0.33439695835113525,0.005000563338398933
42822.0,9.713065147399902,-0.5623133182525635,0.24646073579788208,0.005000563338398933
42920.0,9.702896118164062,-0.8865407705307007,0.25722843408584595,0.005000563338398933
43018.0,9.627521514892578,-0.5676971673965454,0.08793623000383377,0.005000563338398933
43117.0,9.68494987487793,-0.6017948985099792,-0.059820566326379776,0.005000563338398933
43217.0,9.775876998901367,-0.511465847492218,-0.007178467698395252,0.0041310046799480915
43316.0,9.794421195983887,-0.6681957244873047,0.11844471842050552,0.0041310046799480915
43414.0,9.832706451416016,-0.5491527915000916,0.13220344483852386,0.0041310046799480915
43513.0,9.827920913696289,-0.5300102233886719,0.05563312768936157,0.0041310046799480915
43611.0,9.727422714233398,-0.5341976284980774,0.15074782073497772,0.0041310046799480915
43709.0,9.69930648803711,-0.6496513485908508,-0.09272187948226929,0.0041310046799480915
43807.0,9.698708534240723,-0.8015955686569214,-0.010767702013254166,0.0041310046799480915
43906.0,9.832706451416016,-0.5252245664596558,0.04127619042992592,0.0041310046799480915
44006.0,9.780064582824707,-0.6161518096923828,-0.01615155301988125,0.0041310046799480915
44107.0,9.641280174255371,-0.6921239495277405,0.031106693670153618,0.0041310046799480915
44208.0,9.7938232421875,-0.8015955686569214,0.09511470049619675,0.003717697924003005
44309.0,9.760921478271484,-0.7872386574745178,0.04666004329919815,0.003717697924003005
44407.0,9.77527904510498,-0.5108676552772522,0.1459621787071228,0.003717697924003005
44508.0,9.66520881652832,-0.5054838061332703,0.16450655460357666,0.003717697924003005
44607.0,9.799206733703613,-0.6107679605484009,0.1944168359041214,0.003717697924003005
44705.0,9.612566947937012,-0.6580262184143066,0.18903298676013947,0.003717697924003005
44803.0,9.263813018798828,-0.6580262184143066,0.0771685317158699,0.003717697924003005
44901.0,9.756135940551758,-0.5676971673965454,0.11724831163883209,0.003717697924003005
44999.0,9.774680137634277,-0.666999340057373,0.36191442608833313,0.003717697924003005
45098.0,9.717850685119629,-0.6101697683334351,0.26560330390930176,0.003717697924003005
45198.0,9.812965393066406,-0.605384111404419,0.2757728099822998,0.0033313625026494265
45296.0,9.741779327392578,-0.5676971673965454,0.11246266216039658,0.0033313625026494265
45394.0,9.708279609680176,-0.6011967062950134,0.059820566326379776,0.0033313625026494265
45493.0,9.827920913696289,-0.592223584651947,0.026919255033135414,0.0033313625026494265
45592.0,9.770493507385254,-0.6251249313354492,0.13220344483852386,0.0033313625026494265
45690.0,9.80937671661377,-0.5252245664596558,0.026919255033135414,0.0033313625026494265
45791.0,9.756135940551758,-0.5916253924369812,0.15613168478012085,0.0033313625026494265
45889.0,9.842277526855469,-0.5395814776420593,0.06999006122350693,0.0033313625026494265
45990.0,9.780064582824707,-0.5443671345710754,0.046061836183071136,0.0033313625026494265
46091.0,9.746564865112305,-0.6011967062950134,0.06520441919565201,0.0033313625026494265
46189.0,9.765707015991211,-0.5581258535385132,0.10348957777023315,0.0018307780846953392
46289.0,9.746564865112305,-0.6011967062950134,0.11306086927652359,0.0018307780846953392
46388.0,9.77527904510498,-0.5491527915000916,0.10827522724866867,0.0018307780846953392
46489.0,9.827920913696289,-0.5964110493659973,0.0891326442360878,0.0018307780846953392
46587.0,9.80399227142334,-0.6394818425178528,0.18065811693668365,0.0018307780846953392
46686.0,9.66102123260498,-0.534795880317688,-0.04127619042992592,0.0018307780846953392
46785.0,9.708279609680176,-0.5491527915000916,0.08374879509210587,0.0018307780846953392
46883.0,9.689735412597656,-0.5730810165405273,0.0023928226437419653,0.0018307780846953392
46981.0,9.823135375976562,-0.5443671345710754,0.012562318705022335,0.0018307780846953392
47082.0,9.732806205749512,-0.5587241053581238,0.040677983313798904,0.0018307780846953392
47182.0,9.751350402832031,-0.6161518096923828,0.012562318705022335,0.0010380957974120975
47282.0,9.77527904510498,-0.5970092415809631,0.026919255033135414,0.0010380957974120975
47380.0,9.823135375976562,-0.5874379873275757,0.012562318705022335,0.0010380957974120975
47480.0,9.736993789672852,-0.5730810165405273,0.046061836183071136,0.0010380957974120975
47578.0,9.775876998901367,-0.5874379873275757,-0.01136590726673603,0.0010380957974120975
47679.0,9.746564865112305,-0.5826523303985596,0.04127619042992592,0.0010380957974120975
47777.0,9.756733894348145,-0.592223584651947,-0.006580262444913387,0.0010380957974120975
47876.0,9.837491989135742,-0.5778666734695435,-0.029910283163189888,0.0010380957974120975
47976.0,9.741779327392578,-0.6203392744064331,0.05563312768936157,0.0010380957974120975
48077.0,9.766305923461914,-0.5778666734695435,-0.01136590726673603,0.0010380957974120975
48175.0,9.746564865112305,-0.6681957244873047,-0.02512463741004467,0.0006172386347316206
48274.0,9.837491989135742,-0.6107679605484009,0.15672987699508667,0.0006172386347316206
48374.0,9.832108497619629,-0.6675975322723389,0.20458634197711945,0.0006172386347316206
48476.0,9.780064582824707,-0.7016952633857727,0.037088751792907715,0.0006172386347316206
48574.0,9.622138023376465,-0.6478567123413086,0.2799602448940277,0.0006172386347316206
48672.0,9.832706451416016,-0.6113662123680115,-0.005982056725770235,0.0006172386347316206
48773.0,9.732208251953125,-0.582054078578949,0.1178465187549591,0.0006172386347316206
48871.0,9.741779327392578,-0.6448656916618347,-0.03529413416981697,0.0006172386347316206
48969.0,9.728020668029785,-0.6071787476539612,-0.15493527054786682,0.0006172386347316206
49067.0,9.756733894348145,-0.597607433795929,-0.18843477964401245,0.0006172386347316206
49168.0,9.82373332977295,-0.6167500615119934,-0.16869398951530457,0.0003913701220881194
49266.0,9.814162254333496,-0.5395814776420593,0.0029910283628851175,0.0003913701220881194
49365.0,9.818947792053223,-0.5736792087554932,-0.0729810893535614,0.0003913701220881194
49466.0,9.823135375976562,-0.592223584651947,-0.005982056725770235,0.0003913701220881194
49565.0,9.751948356628418,-0.544965386390686,-0.10707881301641464,0.0003913701220881194
49663.0,9.765707015991211,-0.5874379873275757,0.022133609279990196,0.0003913701220881194
49764.0,9.780064582824707,-0.6209374666213989,0.008374879136681557,0.0003913701220881194
49864.0,9.832706451416016,-0.6873382925987244,0.04247260093688965,0.0003913701220881194
49963.0,9.784850120544434,-0.6346961855888367,0.08015955984592438,0.0003913701220881194
50062.0,10.171290397644043,-0.844068169593811,-6.07896614074707,0.0003913701220881194
50160.0,9.923035621643066,-0.7016952633857727,9.072985649108887,0.0003913701220881194
50260.0,9.265607833862305,-0.21954147517681122,-8.902496337890625,0.0009745462448336184
50361.0,9.29910659790039,-0.20578274130821228,-8.96949577331543,0.0009745462448336184
50462.0,9.327820777893066,-0.2727817893028259,-9.050253868103027,0.0009745462448336184
50562.0,9.832706451416016,-0.5964110493659973,0.16151553392410278,0.0009745462448336184
50663.0,9.727422714233398,-0.6011967062950134,0.13220344483852386,0.0009745462448336184
50763.0,9.780064582824707,-0.6011967062950134,0.08434699475765228,0.0009745462448336184
50865.0,9.78963565826416,-0.5204389095306396,0.05563312768936157,0.0009745462448336184
50965.0,9.751350402832031,-0.5204389095306396,0.09810572862625122,0.0009745462448336184
51064.0,9.866206169128418,-0.5730810165405273,0.09451649338006973,0.0009745462448336184
51163.0,9.741779327392578,-0.615553617477417,0.18005990982055664,0.0011528797913342714
51264.0,9.636494636535645,-0.615553617477417,0.07896314561367035,0.0011528797913342714
51364.0,9.827920913696289,-0.5395814776420593,0.07956135272979736,0.0011528797913342714
51464.0,9.747162818908691,-0.5395814776420593,0.0364905446767807,0.0011528797913342714
51565.0,9.747162818908691,-0.5778666734695435,-0.06400800496339798,0.0011528797913342714
51666.0,9.78544807434082,-0.6735795736312866,-0.14476576447486877,0.0011528797913342714
51764.0,9.746564865112305,-0.6209374666213989,0.01734796352684498,0.0011528797913342714
51865.0,9.80399227142334,-0.6059823632240295,0.12323036789894104,0.0011528797913342714
51966.0,9.780064582824707,-0.4289134442806244,0.32303106784820557,0.0011528797913342714
52067.0,9.827322959899902,-0.5623133182525635,0.33798620104789734,0.0011528797913342714
52166.0,9.80817985534668,-0.6095715761184692,0.4295116662979126,0.0011382345110177994
52265.0,9.789037704467773,-0.5623133182525635,0.2949153780937195,0.0011382345110177994
52363.0,9.76989459991455,-0.6340979933738708,0.2189432680606842,0.0011382345110177994
52461.0,9.732208251953125,-0.5916253924369812,0.09870393574237823,0.0011382345110177994
52560.0,9.89970588684082,-0.5341976284980774,0.24287149310112,0.0011382345110177994
52659.0,9.760921478271484,-0.5682953596115112,0.07477571070194244,0.0011382345110177994
52759.0,9.741779327392578,-0.6251249313354492,0.06580262631177902,0.0011382345110177994
52857.0,9.760921478271484,-0.5581258535385132,0.11306086927652359,0.0011382345110177994
52959.0,9.751350402832031,-0.6299105882644653,0.0849452018737793,0.0011382345110177994
53057.0,9.770493507385254,-0.6340979933738708,0.20458634197711945,0.0011382345110177994
53157.0,9.745966911315918,-0.6340979933738708,0.31465616822242737,0.0011382345110177994
53256.0,10.320842742919922,-0.6831508874893188,0.02153540402650833,0.0003337402013130486
53356.0,9.551549911499023,-0.5353940725326538,-0.18963119387626648,0.0003337402013130486
53457.0,9.829116821289062,-0.35054850578308105,-0.2805584669113159,0.0003337402013130486
53555.0,9.661619186401367,-0.5168496966362,-0.2470589429140091,0.0003337402013130486
53656.0,9.871589660644531,-0.6777670383453369,0.0568295381963253,0.0003337402013130486
53757.0,9.717850685119629,-0.6442674994468689,0.06041877344250679,0.0003337402013130486
53858.0,9.756135940551758,-0.6729813814163208,0.013160524889826775,0.0003337402013130486
53956.0,9.832706451416016,-0.5635097622871399,0.06580262631177902,0.0003337402013130486
54057.0,9.823135375976562,-0.6017948985099792,-0.015553346835076809,0.0003337402013130486
54157.0,9.618548393249512,-0.7363911867141724,-0.3798605799674988,0.0003337402013130486
54256.0,9.823135375976562,-0.6305087804794312,-0.024526432156562805,0.0009199748164974153
54356.0,9.77109146118164,-0.6741777658462524,-0.3320041298866272,0.0009199748164974153
54454.0,9.637093544006348,-0.5401797294616699,-0.08853443711996078,0.0009199748164974153
54552.0,9.861420631408691,-0.711864709854126,-0.14356936514377594,0.0009199748164974153
54651.0,9.89970588684082,-0.6484549641609192,0.21954147517681122,0.0009199748164974153
54752.0,9.952945709228516,-0.8315058946609497,-0.30149564146995544,0.0009199748164974153
54853.0,9.480362892150879,-0.6514459848403931,-0.6161518096923828,0.0009199748164974153
54952.0,9.94397258758545,-0.4211367964744568,-0.10169496387243271,0.0009199748164974153
55052.0,9.695717811584473,-0.7136593461036682,-0.666999340057373,0.0009199748164974153
55152.0,9.671191215515137,-0.597607433795929,-0.27038896083831787,0.0009199748164974153
55250.0,9.836894035339355,-0.7250252366065979,0.16749759018421173,0.0012497552670538425
55348.0,9.29910659790039,-0.7752745151519775,-0.7645068168640137,0.0012497552670538425
55447.0,9.708877563476562,-0.836291491985321,-0.25004997849464417,0.0012497552670538425
55545.0,9.78544807434082,-0.6305087804794312,-0.07776673883199692,0.0012497552670538425
55643.0,9.675378799438477,-0.7310073375701904,-0.23629122972488403,0.0012497552670538425
55743.0,9.717850685119629,-0.6969096064567566,0.003589233849197626,0.0012497552670538425
55841.0,9.617950439453125,-0.7304090857505798,-0.06819544732570648,0.0012497552670538425
55942.0,9.765707015991211,-0.49591249227523804,0.26141586899757385,0.0012497552670538425
56043.0,9.822537422180176,-0.7250252366065979,0.243469700217247,0.0012497552670538425
56143.0,9.827322959899902,-0.6059823632240295,0.2386840581893921,0.0012497552670538425
56241.0,9.736993789672852,-0.7591229677200317,0.018544375896453857,0.0012967255897819996
56339.0,9.6795654296875,-0.7016952633857727,0.017946170642971992,0.0012967255897819996
56437.0,9.784850120544434,-0.7022934556007385,-0.06759724020957947,0.0012967255897819996
56535.0,9.770493507385254,-0.6394818425178528,0.04187439754605293,0.0012967255897819996
56635.0,9.751948356628418,-0.6400800347328186,-0.05383851006627083,0.0012967255897819996
56733.0,9.775876998901367,-0.6065805554389954,-0.05383851006627083,0.0012967255897819996
56833.0,9.818947792053223,-0.5874379873275757,-0.03469592705368996,0.0012967255897819996
56933.0,9.732208251953125,-0.6825526356697083,0.013160524889826775,0.0012967255897819996
57033.0,9.861420631408691,-0.768694281578064,0.02392822690308094,0.0012967255897819996
57132.0,10.03310489654541,-0.5527420043945312,0.4307080805301666,0.0012967255897819996
57232.0,9.651450157165527,-0.9649057388305664,-0.40259242057800293,0.0012135254219174385
57334.0,9.794421195983887,-0.5539384484291077,0.013160524889826775,0.0012135254219174385
57433.0,9.756733894348145,-0.6693921089172363,-0.17766708135604858,0.0012135254219174385
57531.0,9.823135375976562,-0.6783652305603027,-0.11545369029045105,0.0012135254219174385
57630.0,9.66102123260498,-0.6592226624488831,-0.07836493849754333,0.0012135254219174385
57729.0,9.814162254333496,-0.6352944374084473,-0.1010967567563057,0.0012135254219174385
57827.0,9.680164337158203,-0.7405785918235779,-0.14476576447486877,0.0012135254219174385
57925.0,9.742377281188965,-0.5874379873275757,-0.07776673883199692,0.0012135254219174385
58025.0,9.756135940551758,-0.7256234884262085,-0.07238288223743439,0.0012135254219174385
58125.0,9.698708534240723,-0.6969096064567566,0.013160524889826775,0.0012135254219174385
58224.0,9.70349407196045,-0.7202396392822266,0.07118647545576096,0.0014177804114297032
58324.0,9.832706451416016,-0.6921239495277405,-0.005383851006627083,0.0014177804114297032
58424.0,9.7938232421875,-0.7250252366065979,0.20997019112110138,0.0014177804114297032
58523.0,9.750752449035645,-0.7106683254241943,0.1908276081085205,0.0014177804114297032
58623.0,9.865608215332031,-0.6867401003837585,0.23449662327766418,0.0014177804114297032
58722.0,9.837491989135742,-0.6203392744064331,0.14775680005550385,0.0014177804114297032
58820.0,9.80399227142334,-0.6442674994468689,0.12861421704292297,0.0014177804114297032
58920.0,9.617352485656738,-0.6681957244873047,0.06041877344250679,0.0014177804114297032
59019.0,9.770493507385254,-0.6592226624488831,-0.06281159073114395,0.0014177804114297032
59120.0,9.775876998901367,-0.6448656916618347,-0.09690931439399719,0.0014177804114297032
59218.0,9.842277526855469,-0.7070791125297546,-0.1052841991186142,0.0014850975712761283
59316.0,9.765707015991211,-0.6209374666213989,-0.024526432156562805,0.0014850975712761283
59415.0,9.760921478271484,-0.6975077986717224,-0.08195417374372482,0.0014850975712761283
59513.0,9.823135375976562,-0.6927221417427063,-0.13878370821475983,0.0014850975712761283
59612.0,9.766305923461914,-0.6687939167022705,-0.10588239878416061,0.0014850975712761283
59710.0,9.795019149780273,-0.7070791125297546,-0.15314064919948578,0.0014850975712761283
59809.0,9.756135940551758,-0.6927221417427063,-0.09631111472845078,0.0014850975712761283
59909.0,9.766305923461914,-0.6640082597732544,-0.14895321428775787,0.0014850975712761283
60007.0,9.741779327392578,-0.6729813814163208,-0.010169495828449726,0.0014850975712761283
60107.0,8.830113410949707,-0.12382857501506805,-6.558726787567139,0.0014850975712761283
60205.0,10.588240623474121,-1.2442678213119507,1.7784653902053833,0.218670055270195
60303.0,9.193822860717773,-0.41575294733047485,3.7435710430145264,0.218670055270195
60401.0,9.879964828491211,-0.7369893789291382,-8.134998321533203,0.218670055270195
60500.0,10.14616584777832,-1.0821540355682373,9.306285858154297,0.218670055270195
60600.0,9.765707015991211,-0.7549355626106262,-0.16271193325519562,0.218670055270195
60701.0,9.747162818908691,-0.745364248752594,-0.14835500717163086,0.218670055270195
60802.0,9.780662536621094,-0.6699903607368469,-0.3601198196411133,0.218670055270195
60900.0,9.804591178894043,-0.7651050686836243,-0.29730820655822754,0.218670055270195
60999.0,9.775876998901367,-0.7316055297851562,-0.3451646566390991,0.218670055270195
61098.0,9.77109146118164,-0.7124629616737366,-0.23988047242164612,0.218670055270195
61197.0,9.747162818908691,-0.6975077986717224,-0.18723836541175842,0.21575357019901276
61296.0,9.751948356628418,-0.711864709854126,-0.19202402234077454,0.21575357019901276
61396.0,9.7998046875,-0.631106972694397,-0.18723836541175842,0.21575357019901276
61495.0,9.775876998901367,-0.6502495408058167,-0.26919254660606384,0.21575357019901276
61593.0,9.747162818908691,-0.6789634227752686,-0.25004997849464417,0.21575357019901276
61691.0,9.82373332977295,-0.698704183101654,-0.3643072545528412,0.21575357019901276
61792.0,9.737591743469238,-0.664606511592865,-0.3314059376716614,0.21575357019901276
61892.0,9.747760772705078,-0.6699903607368469,-0.35054850578308105,0.21575357019901276
61991.0,9.795019149780273,-0.6837490797042847,-0.32662028074264526,0.21575357019901276
62090.0,9.718449592590332,-0.7076773047447205,-0.3170489966869354,0.21575357019901276
62191.0,9.833304405212402,-0.664606511592865,-0.2638086974620819,0.2079939842224121
62290.0,9.818947792053223,-0.6556333899497986,-0.3595215976238251,0.2079939842224121
62388.0,9.742975234985352,-0.6556333899497986,-0.35533416271209717,0.2079939842224121
62487.0,9.761520385742188,-0.6885347366333008,-0.3170489966869354,0.2079939842224121
62585.0,9.723833084106445,-0.5790630578994751,-0.28893333673477173,0.2079939842224121
62683.0,9.79083251953125,-0.641276478767395,-0.3601198196411133,0.2079939842224121
62783.0,9.7669038772583,-0.5982056856155396,-0.389431893825531,0.2079939842224121
62883.0,9.786046028137207,-0.6317051649093628,-0.3888336718082428,0.2079939842224121
62982.0,9.733404159545898,-0.607776939868927,-0.37507495284080505,0.2079939842224121
63083.0,9.733404159545898,-0.6029912829399109,-0.3320041298866272,0.2079939842224121
63181.0,9.709476470947266,-0.6173482537269592,-0.3320041298866272,0.19526423513889313
63282.0,9.742975234985352,-0.6364908218383789,-0.3170489966869354,0.19526423513889313
63380.0,9.804591178894043,-0.6406782865524292,-0.2548356056213379,0.19526423513889313
63481.0,9.69930648803711,-0.5784648656845093,-0.13998012244701385,0.19526423513889313
63580.0,9.756733894348145,-0.631106972694397,-0.14416755735874176,0.19526423513889313
63680.0,9.756733894348145,-0.6071787476539612,-0.1010967567563057,0.19526423513889313
63781.0,9.765707015991211,-0.6496513485908508,-0.024526432156562805,0.19526423513889313
63879.0,9.770493507385254,-0.6544370055198669,-0.029312077909708023,0.19526423513889313
63977.0,9.818349838256836,-0.6017948985099792,-0.029312077909708023,0.19526423513889313
64075.0,9.842277526855469,-0.6209374666213989,-0.014356935396790504,0.19526423513889313
64175.0,9.741779327392578,-0.6065805554389954,0.01375873014330864,0.17817753553390503
64273.0,9.760921478271484,-0.6305087804794312,-0.03409772366285324,0.17817753553390503
64373.0,9.795019149780273,-0.6209374666213989,-0.06281159073114395,0.17817753553390503
64471.0,9.780064582824707,-0.6544370055198669,-0.024526432156562805,0.17817753553390503
64569.0,9.78963565826416,-0.6544370055198669,-0.07238288223743439,0.17817753553390503
64667.0,9.82373332977295,-0.625723123550415,-0.08673982322216034,0.17817753553390503
64766.0,9.775876998901367,-0.6454638838768005,-0.13938191533088684,0.17817753553390503
64867.0,9.775876998901367,-0.6352944374084473,-0.08673982322216034,0.17817753553390503
64968.0,9.780662536621094,-0.6358926296234131,-0.129810631275177,0.17817753553390503
65068.0,9.766305923461914,-0.6592226624488831,-0.12502498924732208,0.17817753553390503
65166.0,9.747162818908691,-0.6687939167022705,-0.14895321428775787,0.15892818570137024
65264.0,9.766305923461914,-0.6263213157653809,-0.22073788940906525,0.15892818570137024
65364.0,9.77109146118164,-0.5928218364715576,-0.19202402234077454,0.15892818570137024
65464.0,9.742377281188965,-0.6358926296234131,-0.19202402234077454,0.15892818570137024
65565.0,9.756733894348145,-0.631106972694397,-0.2063809484243393,0.15892818570137024
65666.0,9.77109146118164,-0.664606511592865,-0.24047867953777313,0.15892818570137024
65766.0,9.780662536621094,-0.6933203339576721,-0.24945175647735596,0.15892818570137024
65864.0,9.790233612060547,-0.6263213157653809,-0.26440688967704773,0.15892818570137024
65963.0,9.756733894348145,-0.6502495408058167,-0.2787638306617737,0.15892818570137024
66062.0,9.732806205749512,-0.6502495408058167,-0.2356930375099182,0.15892818570137024
66161.0,9.742377281188965,-0.6454638838768005,-0.26440688967704773,0.13922064006328583
66259.0,9.780662536621094,-0.6598208546638489,-0.2590230405330658,0.13922064006328583
66357.0,9.761520385742188,-0.6933203339576721,-0.27816563844680786,0.13922064006328583
66458.0,9.766305923461914,-0.6406782865524292,-0.259621262550354,0.13922064006328583
66558.0,9.761520385742188,-0.664606511592865,-0.2590230405330658,0.13922064006328583
66656.0,9.737591743469238,-0.6502495408058167,-0.24047867953777313,0.13922064006328583
66754.0,9.77109146118164,-0.664606511592865,-0.2590230405330658,0.13922064006328583
66853.0,9.742377281188965,-0.6933203339576721,-0.23988047242164612,0.13922064006328583
66951.0,9.747162818908691,-0.6837490797042847,-0.25004997849464417,0.13922064006328583
67049.0,9.751948356628418,-0.6454638838768005,-0.27397820353507996,0.13922064006328583
67148.0,9.766305923461914,-0.6550351977348328,-0.259621262550354,0.13922064006328583
67246.0,9.775876998901367,-0.664606511592865,-0.26440688967704773,0.12015233933925629
67345.0,9.747162818908691,-0.6741777658462524,-0.3122633695602417,0.12015233933925629
67445.0,9.795019149780273,-0.6837490797042847,-0.2829512655735016,0.12015233933925629
67544.0,9.80937671661377,-0.6885347366333008,-0.268594354391098,0.12015233933925629
67642.0,9.78544807434082,-0.6837490797042847,-0.22971096634864807,0.12015233933925629
67742.0,9.78544807434082,-0.6502495408058167,-0.2877369225025177,0.12015233933925629
67841.0,9.78544807434082,-0.6789634227752686,-0.29730820655822754,0.12015233933925629
67941.0,9.780662536621094,-0.6837490797042847,-0.2877369225025177,0.12015233933925629
68040.0,9.761520385742188,-0.7172485589981079,-0.24945175647735596,0.12015233933925629
68138.0,9.78544807434082,-0.6550351977348328,-0.26919254660606384,0.12015233933925629
68236.0,9.757332801818848,-0.6173482537269592,-0.3074777126312256,0.102626733481884
68334.0,9.77109146118164,-0.6550351977348328,-0.27397820353507996,0.102626733481884
68433.0,9.756733894348145,-0.6741777658462524,-0.29790642857551575,0.102626733481884
68533.0,9.766305923461914,-0.6454638838768005,-0.2829512655735016,0.102626733481884
68631.0,9.751948356628418,-0.6885347366333008,-0.22971096634864807,0.102626733481884
68728.0,9.723235130310059,-0.6221339106559753,-0.2835494875907898,0.102626733481884
68827.0,9.708877563476562,-0.6741777658462524,-0.2548356056213379,0.102626733481884
68925.0,9.704092025756836,-0.6693921089172363,-0.259621262550354,0.102626733481884
69024.0,9.77109146118164,-0.6741777658462524,-0.20099709928035736,0.102626733481884
69123.0,9.78544807434082,-0.6741777658462524,-0.2105683982372284,0.102626733481884
69222.0,9.751948356628418,-0.664606511592865,-0.19142581522464752,0.08630529791116714
69319.0,9.761520385742188,-0.6550351977348328,-0.19680966436862946,0.08630529791116714
69418.0,9.751948356628418,-0.6981059908866882,-0.20099709928035736,0.08630529791116714
69518.0,9.77109146118164,-0.6406782865524292,-0.16749759018421173,0.08630529791116714
69616.0,9.766305923461914,-0.6358926296234131,-0.18723836541175842,0.08630529791116714
69714.0,9.761520385742188,-0.6358926296234131,-0.16809579730033875,0.08630529791116714
69812.0,9.747162818908691,-0.6167500615119934,-0.1824527233839035,0.08630529791116714
69910.0,9.766305923461914,-0.631106972694397,-0.18723836541175842,0.08630529791116714
70008.0,9.766305923461914,-0.5928218364715576,-0.14416755735874176,0.08630529791116714
70108.0,8.968897819519043,-0.046061836183071136,-8.636295318603516,0.08630529791116714
70209.0,8.979066848754883,-0.09451649338006973,-8.879764556884766,0.07236775010824203
70307.0,10.74257755279541,-1.2741780281066895,5.303691387176514,0.07236775010824203
70406.0,8.82233715057373,-0.13100704550743103,-0.7986045479774475,0.07236775010824203
70506.0,8.828319549560547,-0.11844471842050552,-1.1910275220870972,0.07236775010824203
70607.0,9.77109146118164,-0.6502495408058167,-0.1579262912273407,0.07236775010824203
70706.0,9.756733894348145,-0.6693921089172363,-0.22492532432079315,0.07236775010824203
70807.0,9.775876998901367,-0.6502495408058167,-0.16749759018421173,0.07236775010824203
70907.0,9.761520385742188,-0.6454638838768005,-0.18723836541175842,0.07236775010824203
71008.0,9.732806205749512,-0.6358926296234131,-0.1585244983434677,0.07236775010824203
71106.0,9.742377281188965,-0.6502495408058167,-0.16331014037132263,0.07236775010824203
71204.0,9.751948356628418,-0.6550351977348328,-0.1818545162677765,0.06055407598614693
71306.0,9.751948356628418,-0.6550351977348328,-0.2153540402650833,0.06055407598614693
71406.0,9.747162818908691,-0.6598208546638489,-0.19142581522464752,0.06055407598614693
71505.0,9.732806205749512,-0.6885347366333008,-0.2153540402650833,0.06055407598614693
71605.0,9.77109146118164,-0.7166503667831421,-0.17228323221206665,0.06055407598614693
71703.0,9.775876998901367,-0.631106972694397,-0.18723836541175842,0.06055407598614693
71802.0,9.737591743469238,-0.6502495408058167,-0.17288143932819366,0.06055407598614693
71903.0,9.766305923461914,-0.6358926296234131,-0.19621145725250244,0.06055407598614693
72001.0,9.775876998901367,-0.6119644045829773,-0.16271193325519562,0.06055407598614693
72101.0,9.78544807434082,-0.597607433795929,-0.19202402234077454,0.06055407598614693
72200.0,9.751948356628418,-0.6789634227752686,-0.2350948303937912,0.05057920143008232
72299.0,9.742377281188965,-0.6789634227752686,-0.2153540402650833,0.05057920143008232
72400.0,9.747162818908691,-0.6598208546638489,-0.1818545162677765,0.05057920143008232
72498.0,9.7998046875,-0.6981059908866882,-0.20518454909324646,0.05057920143008232
72597.0,9.761520385742188,-0.664606511592865,-0.20099709928035736,0.05057920143008232
72696.0,9.775876998901367,-0.6119644045829773,-0.2153540402650833,0.05057920143008232
72797.0,9.742377281188965,-0.6263213157653809,-0.19621145725250244,0.05057920143008232
72898.0,9.713663101196289,-0.6406782865524292,-0.19680966436862946,0.05057920143008232
72996.0,9.704092025756836,-0.6550351977348328,-0.17288143932819366,0.05057920143008232
73094.0,9.766305923461914,-0.6831508874893188,-0.16271193325519562,0.05057920143008232
73195.0,9.78544807434082,-0.6741777658462524,-0.16271193325519562,0.04150446504354477
73294.0,9.77109146118164,-0.6831508874893188,-0.14356936514377594,0.04150446504354477
73395.0,9.795019149780273,-0.6927221417427063,-0.1333998590707779,0.04150446504354477
73493.0,9.78544807434082,-0.6598208546638489,-0.1339980661869049,0.04150446504354477
73591.0,9.728020668029785,-0.6448656916618347,-0.12442677468061447,0.04150446504354477
73690.0,9.756733894348145,-0.6598208546638489,-0.14835500717163086,0.04150446504354477
73788.0,9.7998046875,-0.664606511592865,-0.14356936514377594,0.04150446504354477
73889.0,9.77109146118164,-0.6879364848136902,-0.16749759018421173,0.04150446504354477
73989.0,9.737591743469238,-0.6735795736312866,-0.1579262912273407,0.04150446504354477
74091.0,9.722636222839355,-0.7262216806411743,-0.09571290761232376,0.04150446504354477
74189.0,9.756733894348145,-0.6975077986717224,-0.13878370821475983,0.03423909470438957
74287.0,9.790233612060547,-0.6783652305603027,-0.11964113265275955,0.03423909470438957
74386.0,9.742377281188965,-0.6831508874893188,-0.16271193325519562,0.03423909470438957
74484.0,9.77109146118164,-0.6837490797042847,-0.19621145725250244,0.03423909470438957
74582.0,9.78544807434082,-0.6496513485908508,-0.11485548317432404,0.03423909470438957
74681.0,9.790233612060547,-0.6071787476539612,-0.1866401731967926,0.03423909470438957
74780.0,9.7998046875,-0.6358926296234131,-0.16689938306808472,0.03423909470438957
74879.0,9.766305923461914,-0.6741777658462524,-0.1621137410402298,0.03423909470438957
74977.0,9.804591178894043,-0.7076773047447205,-0.19561325013637543,0.03423909470438957
75075.0,9.775876998901367,-0.6975077986717224,-0.14835500717163086,0.03423909470438957
75173.0,9.775876998901367,-0.6927221417427063,-0.17168502509593964,0.028335975483059883
75272.0,9.761520385742188,-0.7070791125297546,-0.17647066712379456,0.028335975483059883
75373.0,9.747162818908691,-0.7405785918235779,-0.17168502509593964,0.028335975483059883
75474.0,9.77109146118164,-0.7214360237121582,-0.19561325013637543,0.028335975483059883
75575.0,9.732806205749512,-0.7405785918235779,-0.15314064919948578,0.028335975483059883
75677.0,9.718449592590332,-0.7070791125297546,-0.13878370821475983,0.028335975483059883
75776.0,9.761520385742188,-0.6933203339576721,-0.1866401731967926,0.028335975483059883
75875.0,9.78544807434082,-0.6735795736312866,-0.12442677468061447,0.028335975483059883
75973.0,9.780064582824707,-0.6927221417427063,-0.10468599200248718,0.028335975483059883
76072.0,9.77527904510498,-0.6735795736312866,-0.08554340898990631,0.028335975483059883
76172.0,9.765707015991211,-0.735194742679596,-0.028115665540099144,0.02353019453585148
76273.0,9.751350402832031,-0.7166503667831421,-0.08075776696205139,0.02353019453585148
76373.0,9.751350402832031,-0.706480860710144,-0.008973085321485996,0.02353019453585148
76472.0,9.736993789672852,-0.706480860710144,-0.018544375896453857,0.02353019453585148
76572.0,9.732806205749512,-0.6735795736312866,-0.1579262912273407,0.02353019453585148
76670.0,9.742377281188965,-0.6071787476539612,-0.1339980661869049,0.02353019453585148
76769.0,9.747162818908691,-0.7166503667831421,-0.20518454909324646,0.02353019453585148
76870.0,9.742377281188965,-0.7028916478157043,-0.20039889216423035,0.02353019453585148
76967.0,9.732806205749512,-0.6837490797042847,-0.20099709928035736,0.02353019453585148
77065.0,9.522237777709961,-0.898504912853241,-0.37866419553756714,0.02353019453585148
77164.0,9.728020668029785,-0.7214360237121582,-0.14297115802764893,0.01950734481215477
77264.0,9.790233612060547,-0.8602197170257568,-0.3439682424068451,0.01950734481215477
77362.0,9.832706451416016,-0.6592226624488831,-0.08554340898990631,0.01950734481215477
77463.0,9.82373332977295,-0.5401797294616699,-0.05742774158716202,0.01950734481215477
77563.0,9.765707015991211,-0.745364248752594,-0.1333998590707779,0.01950734481215477
77664.0,9.77109146118164,-0.6023930907249451,-0.22013968229293823,0.01950734481215477
77762.0,9.598808288574219,-0.5874379873275757,-0.02512463741004467,0.01950734481215477
77861.0,9.718449592590332,-0.5210371017456055,-0.11066804826259613,0.01950734481215477
77961.0,9.794421195983887,-0.6305087804794312,0.009571290574967861,0.01950734481215477
78059.0,9.742377281188965,-0.755533754825592,-0.3158525824546814,0.01950734481215477
78157.0,9.78126049041748,-0.30209386348724365,-0.030508488416671753,0.01950734481215477
78255.0,9.82373332977295,-0.6693921089172363,-0.19561325013637543,0.015552470460534096
78353.0,9.78544807434082,-0.8315058946609497,-0.31046873331069946,0.015552470460534096
78453.0,9.689735412597656,-0.5928218364715576,-0.2356930375099182,0.015552470460534096
78552.0,9.78544807434082,-0.5162515044212341,-0.10588239878416061,0.015552470460534096
78650.0,9.784850120544434,-0.7112665176391602,0.04366901144385338,0.015552470460534096
78751.0,9.713663101196289,-0.592223584651947,-0.005383851006627083,0.015552470460534096
78849.0,9.851848602294922,-0.7884350419044495,-0.13698910176753998,0.015552470460534096
78950.0,9.600004196166992,-0.46480581164360046,-0.39481574296951294,0.015552470460534096
79049.0,9.623334884643555,-0.5359922647476196,-0.3607180118560791,0.015552470460534096
79148.0,9.780064582824707,-0.6927221417427063,-0.09032905846834183,0.015552470460534096
79249.0,9.689735412597656,-0.6209374666213989,-0.004785645287483931,0.01251303032040596
79350.0,9.732806205749512,-0.6023930907249451,-0.08614161610603333,0.01251303032040596
79449.0,9.770493507385254,-0.7734799385070801,-0.017946170642971992,0.01251303032040596
79549.0,9.723235130310059,-0.6305087804794312,-0.03349951654672623,0.01251303032040596
79650.0,9.837491989135742,-0.6352944374084473,-0.004187439568340778,0.01251303032040596
79748.0,9.689735412597656,-0.5395814776420593,0.028115665540099144,0.01251303032040596
79846.0,9.551549911499023,-0.5072783827781677,-0.21714866161346436,0.01251303032040596
79946.0,9.632308006286621,-0.7076773047447205,-0.24945175647735596,0.01251303032040596
80044.0,10.01156997680664,-0.6825526356697083,1.5146567821502686,0.01251303032040596
80143.0,9.501898765563965,-1.0666006803512573,4.381856441497803,0.01251303032040596
80241.0,9.741779327392578,-0.19322042167186737,-8.088936805725098,0.010196306742727757
80341.0,9.822537422180176,-0.8458628058433533,8.72482967376709,0.010196306742727757
80442.0,9.989436149597168,-1.0265209674835205,8.952147483825684,0.010196306742727757
80543.0,9.66640567779541,-0.5700899958610535,-0.46061834692955017,0.010196306742727757
80642.0,9.6795654296875,-0.7022934556007385,-0.062213387340307236,0.010196306742727757
80740.0,9.675378799438477,-0.5545366406440735,-0.12502498924732208,0.010196306742727757
80838.0,9.905089378356934,-0.597607433795929,-0.02751746028661728,0.010196306742727757
80938.0,9.751350402832031,-0.768694281578064,-0.06580262631177902,0.010196306742727757
81038.0,9.713663101196289,-0.5162515044212341,-0.010169495828449726,0.010196306742727757
81137.0,9.770493507385254,-0.5730810165405273,0.1339980661869049,0.010196306742727757
81237.0,9.651450157165527,-0.7070791125297546,-0.08135596662759781,0.007725804578512907
81336.0,9.900303840637207,-0.6496513485908508,0.029910283163189888,0.007725804578512907
81434.0,9.780662536621094,-0.6550351977348328,-0.19561325013637543,0.007725804578512907
81532.0,9.818349838256836,-0.6831508874893188,-0.09511470049619675,0.007725804578512907
81630.0,9.713663101196289,-0.40677985548973083,-0.05383851006627083,0.007725804578512907
81728.0,9.760921478271484,-0.6305087804794312,-0.04247260093688965,0.007725804578512907
81828.0,9.718449592590332,-0.5826523303985596,-0.019142581149935722,0.007725804578512907
81929.0,9.717252731323242,-0.753140926361084,0.22552353143692017,0.007725804578512907
82030.0,9.655637741088867,-0.6915257573127747,0.13878370821475983,0.007725804578512907
82131.0,9.842277526855469,-0.6011967062950134,0.2063809484243393,0.007725804578512907
82230.0,9.827322959899902,-0.5096712112426758,0.397208571434021,0.006070716772228479
82333.0,9.755537986755371,-0.6436693072319031,0.2590230405330658,0.006070716772228479
82431.0,9.693324089050293,-0.6532405614852905,0.27756741642951965,0.006070716772228479
82529.0,9.508479118347168,-0.3732803463935852,-0.12203395366668701,0.006070716772228479
82629.0,9.655637741088867,-0.5718846321105957,0.33439695835113525,0.006070716772228479
82730.0,9.745368003845215,-0.5850451588630676,0.5982056856155396,0.006070716772228479
82828.0,9.588638305664062,-0.45284169912338257,0.2949153780937195,0.006070716772228479
82929.0,10.01456069946289,-0.6586244106292725,0.13579268753528595,0.006070716772228479
83027.0,9.962516784667969,-0.7172485589981079,-0.17527425289154053,0.006070716772228479
83126.0,9.664610862731934,-0.6855437159538269,0.45942193269729614,0.006070716772228479
83227.0,9.606584548950195,-0.7573283910751343,0.46420758962631226,0.16100497543811798
83327.0,9.818349838256836,-0.6448656916618347,0.014955141581594944,0.16100497543811798
83425.0,9.545567512512207,-0.5718846321105957,0.3242274820804596,0.16100497543811798
83524.0,9.722636222839355,-0.6245267391204834,0.22971096634864807,0.16100497543811798
83621.0,9.847063064575195,-0.47258245944976807,0.16271193325519562,0.16100497543811798
83720.0,9.732208251953125,-0.5868397355079651,0.2105683982372284,0.16100497543811798
83822.0,9.745966911315918,-0.576670229434967,0.4259224236011505,0.16100497543811798
83922.0,9.631709098815918,-0.5527420043945312,0.3774677813053131,0.16100497543811798
84020.0,9.68375301361084,-0.666999340057373,0.43549370765686035,0.16100497543811798
84122.0,9.80817985534668,-0.5904290080070496,0.4504488706588745,0.16100497543811798
84220.0,9.6795654296875,-0.5383850932121277,0.30568310618400574,0.1573089361190796
84318.0,9.756135940551758,-0.5730810165405273,0.038285162299871445,0.1573089361190796
84416.0,9.693922996520996,-0.5102694034576416,0.25782662630081177,0.1573089361190796
84518.0,9.726823806762695,-0.7914260625839233,0.2069791555404663,0.1573089361190796
84617.0,9.760921478271484,-0.5587241053581238,0.062213387340307236,0.1573089361190796
84715.0,9.698708534240723,-0.7202396392822266,0.14416755735874176,0.1573089361190796
84814.0,9.670592308044434,-0.7022934556007385,-0.07597211748361588,0.1573089361190796
84915.0,9.674779891967773,-0.7160521745681763,0.09631111472845078,0.1573089361190796
85013.0,9.708279609680176,-0.7256234884262085,0.029312077909708023,0.1573089361190796
85112.0,9.765707015991211,-0.6681957244873047,0.06281159073114395,0.1573089361190796
85210.0,9.736394882202148,-0.7728816866874695,0.10648060590028763,0.1509600281715393
85311.0,9.780064582824707,-0.5635097622871399,0.1339980661869049,0.1509600281715393
85413.0,9.779465675354004,-0.7004988193511963,0.3164508044719696,0.1509600281715393
85512.0,9.851250648498535,-0.8111668825149536,0.06400800496339798,0.1509600281715393
85613.0,9.789037704467773,-0.7968099117279053,0.08255238085985184,0.1509600281715393
85714.0,9.593423843383789,-1.0654042959213257,-0.3481557071208954,0.1509600281715393
85813.0,9.698708534240723,-0.45284169912338257,0.4007977843284607,0.1509600281715393
85911.0,9.860821723937988,-0.5910272002220154,0.35473597049713135,0.1509600281715393
86012.0,9.876375198364258,-0.625723123550415,0.08255238085985184,0.1509600281715393
86110.0,9.780064582824707,-0.6640082597732544,0.02512463741004467,0.1509600281715393
86209.0,9.756135940551758,-0.50129634141922,0.19142581522464752,0.14155519008636475
86307.0,9.732208251953125,-0.6873382925987244,0.12502498924732208,0.14155519008636475
86407.0,9.646066665649414,-0.5772684812545776,0.15254244208335876,0.14155519008636475
86506.0,9.779465675354004,-0.6819544434547424,0.18305093050003052,0.14155519008636475
86607.0,9.817750930786133,-0.7058826684951782,0.17347964644432068,0.14155519008636475
86705.0,9.857233047485352,-0.5928218364715576,-0.08554340898990631,0.14155519008636475
86803.0,9.78963565826416,-0.6251249313354492,0.18723836541175842,0.14155519008636475
86901.0,9.751350402832031,-0.5964110493659973,0.13878370821475983,0.14155519008636475
87000.0,9.784850120544434,-0.6203392744064331,0.20159530639648438,0.14155519008636475
87100.0,9.794421195983887,-0.5772684812545776,0.23030917346477509,0.14155519008636475
87201.0,9.512666702270508,-0.7214360237121582,-0.13459627330303192,0.12972745299339294
87299.0,9.78544807434082,-0.5497509837150574,0.004785645287483931,0.12972745299339294
87398.0,9.808777809143066,-0.6161518096923828,0.029312077909708023,0.12972745299339294
87498.0,9.751350402832031,-0.7830511927604675,0.04426721855998039,0.12972745299339294
87597.0,9.732208251953125,-0.8781659007072449,-0.04127619042992592,0.12972745299339294
87695.0,9.80399227142334,-0.5874379873275757,0.05802594870328903,0.12972745299339294
87793.0,9.646066665649414,-0.706480860710144,-0.023330021649599075,0.12972745299339294
87894.0,9.750752449035645,-0.9882357716560364,-0.11724831163883209,0.12972745299339294
87992.0,9.866804122924805,-0.8422735929489136,-0.5102694034576416,0.12972745299339294
88091.0,9.554540634155273,-0.9391828775405884,0.1495514214038849,0.12972745299339294
88190.0,9.920044898986816,-0.5120640397071838,-0.0849452018737793,0.1163111999630928
88290.0,9.916455268859863,-0.28534409403800964,-0.5940182209014893,0.1163111999630928
88391.0,9.66102123260498,-0.6544370055198669,-0.09092725813388824,0.1163111999630928
88491.0,9.626923561096191,-0.9445667266845703,-0.012562318705022335,0.1163111999630928
88592.0,9.755537986755371,-0.9308080077171326,-0.01196411345154047,0.1163111999630928
88692.0,9.93978500366211,-0.37028929591178894,-0.4019941985607147,0.1163111999630928
88790.0,9.756733894348145,-0.7980063557624817,-0.22791635990142822,0.1163111999630928
88889.0,9.702896118164062,-0.8536394834518433,0.24586252868175507,0.1163111999630928
88990.0,9.565906524658203,-0.7459624409675598,-0.3355933725833893,0.1163111999630928
89091.0,9.944570541381836,-0.3607180118560791,-0.363709032535553,0.1163111999630928
89192.0,9.947562217712402,-0.6245267391204834,0.39421752095222473,0.10185694694519043
89290.0,9.669994354248047,-1.2221341133117676,-0.32721850275993347,0.10185694694519043
89388.0,9.827920913696289,-0.6394818425178528,0.16869398951530457,0.10185694694519043
89489.0,9.818349838256836,-0.4731806814670563,0.09631111472845078,0.10185694694519043
89590.0,9.589835166931152,-0.6502495408058167,-0.3164508044719696,0.10185694694519043
89687.0,9.717850685119629,-0.8213363885879517,-0.08434699475765228,0.10185694694519043
89785.0,9.747162818908691,-0.5730810165405273,0.019740786403417587,0.10185694694519043
89883.0,9.6795654296875,-0.649053156375885,0.029312077909708023,0.10185694694519043
89983.0,9.799206733703613,-0.47796630859375,0.09571290761232376,0.10185694694519043
90083.0,9.608977317810059,-0.4295116662979126,-8.772686004638672,0.10185694694519043
90181.0,9.575477600097656,-0.46779683232307434,-8.882756233215332,0.08776028454303741
90279.0,10.069596290588379,-0.9984052777290344,7.4877400398254395,0.08776028454303741
90378.0,10.27059268951416,-0.649053156375885,-0.9966106414794922,0.08776028454303741
90477.0,10.307682037353516,-0.7334001660346985,-0.6131607890129089,0.08776028454303741
90578.0,9.704092025756836,-0.7316055297851562,-0.3248256742954254,0.08776028454303741
90676.0,9.675378799438477,-0.5784648656845093,-0.20099709928035736,0.08776028454303741
90775.0,9.80937671661377,-0.5024927258491516,-0.20039889216423035,0.08776028454303741
90876.0,9.818947792053223,-0.4977070987224579,-0.09990034252405167,0.08776028454303741
90974.0,9.756135940551758,-0.6544370055198669,0.04426721855998039,0.08776028454303741
91073.0,9.812965393066406,-0.6729813814163208,0.18783657252788544,0.08776028454303741
91172.0,9.827322959899902,-0.6586244106292725,0.1788634955883026,0.07405467331409454
91270.0,9.66520881652832,-0.6681957244873047,0.11066804826259613,0.07405467331409454
91368.0,9.875777244567871,-0.7345965504646301,0.18424734473228455,0.07405467331409454
91466.0,9.8267240524292,-0.7962117195129395,0.380458801984787,0.07405467331409454
91564.0,9.732208251953125,-0.6687939167022705,-0.02751746028661728,0.07405467331409454
91663.0,9.780064582824707,-0.7208378314971924,-0.017946170642971992,0.07405467331409454
91761.0,9.751350402832031,-0.8117650747299194,-0.09391828626394272,0.07405467331409454
91859.0,9.784850120544434,-0.6544370055198669,0.029910283163189888,0.07405467331409454
91959.0,9.732208251953125,-0.7160521745681763,0.08255238085985184,0.07405467331409454
92058.0,9.698708534240723,-0.7872386574745178,0.07836493849754333,0.07405467331409454
92157.0,9.905089378356934,-0.6693921089172363,-0.08434699475765228,0.07405467331409454
92257.0,9.765707015991211,-0.8356932997703552,-0.12203395366668701,0.06227555125951767
92354.0,9.78963565826416,-0.7357929348945618,-0.10348957777023315,0.06227555125951767
92452.0,9.732806205749512,-0.7645068168640137,-0.1944168359041214,0.06227555125951767
92552.0,9.747162818908691,-0.7214360237121582,-0.12801600992679596,0.06227555125951767
92653.0,9.784850120544434,-0.6496513485908508,-0.05144568532705307,0.06227555125951767
92754.0,9.741779327392578,-0.7639086246490479,-0.06520441919565201,0.06227555125951767
92852.0,9.717850685119629,-0.6879364848136902,-0.003589233849197626,0.06227555125951767
92950.0,9.799206733703613,-0.6681957244873047,0.09690931439399719,0.06227555125951767
93049.0,9.808777809143066,-0.7399803996086121,0.025722842663526535,0.06227555125951767
93149.0,9.732208251953125,-0.711864709854126,-0.04666004329919815,0.06227555125951767
93247.0,9.827920913696289,-0.6496513485908508,0.0729810893535614,0.052228569984436035
93345.0,9.77527904510498,-0.625723123550415,-0.013160524889826775,0.052228569984436035
93445.0,9.746564865112305,-0.6831508874893188,-0.07537391036748886,0.052228569984436035
93543.0,9.68913745880127,-0.6352944374084473,0.024526432156562805,0.052228569984436035
93641.0,9.713065147399902,-0.6400800347328186,0.010169495828449726,0.052228569984436035
93742.0,9.756135940551758,-0.6634100675582886,0.0729810893535614,0.052228569984436035
93840.0,9.770493507385254,-0.6496513485908508,0.005982056725770235,0.052228569984436035
93939.0,9.81356430053711,-0.6640082597732544,0.054436713457107544,0.052228569984436035
94039.0,9.78963565826416,-0.6729813814163208,0.06819544732570648,0.052228569984436035
94138.0,9.78963565826416,-0.6209374666213989,0.0729810893535614,0.052228569984436035
94238.0,9.70349407196045,-0.7680960893630981,0.07776673883199692,0.04342091456055641
94339.0,9.78963565826416,-0.6209374666213989,0.04905286431312561,0.04342091456055641
94440.0,9.727422714233398,-0.7782655358314514,0.03529413416981697,0.04342091456055641
94541.0,9.760921478271484,-0.6969096064567566,0.005982056725770235,0.04342091456055641
94639.0,9.746564865112305,-0.7495517134666443,0.01136590726673603,0.04342091456055641
94740.0,9.732208251953125,-0.706480860710144,0.04426721855998039,0.04342091456055641
94840.0,9.741779327392578,-0.6305087804794312,0.039481572806835175,0.04342091456055641
94941.0,9.799206733703613,-0.7022934556007385,-0.07477571070194244,0.04342091456055641
95042.0,9.770493507385254,-0.7070791125297546,-0.046061836183071136,0.04342091456055641
95140.0,9.741779327392578,-0.7070791125297546,-0.06580262631177902,0.04342091456055641
95241.0,9.751350402832031,-0.7166503667831421,-0.07537391036748886,0.035869766026735306
95339.0,9.742377281188965,-0.6735795736312866,-0.07537391036748886,0.035869766026735306
95440.0,9.765707015991211,-0.6873382925987244,0.039481572806835175,0.035869766026735306
95541.0,9.808777809143066,-0.6735795736312866,0.01136590726673603,0.035869766026735306
95642.0,9.799206733703613,-0.711864709854126,-0.03170489892363548,0.035869766026735306
95742.0,9.808777809143066,-0.6687939167022705,0.054436713457107544,0.035869766026735306
95843.0,9.728618621826172,-0.4259224236011505,-0.13878370821475983,0.035869766026735306
95944.0,9.746564865112305,-0.7501499056816101,-0.0891326442360878,0.035869766026735306
96042.0,9.808777809143066,-0.6352944374084473,-0.05144568532705307,0.035869766026735306
96142.0,9.761520385742188,-0.6358926296234131,-0.10408778488636017,0.035869766026735306
96241.0,9.718449592590332,-0.5641079545021057,-0.09990034252405167,0.029066942632198334
96342.0,9.7998046875,-0.664606511592865,-0.14656038582324982,0.029066942632198334
96444.0,9.780662536621094,-0.6358926296234131,-0.11844471842050552,0.029066942632198334
96543.0,9.718449592590332,-0.5880361795425415,-0.06640082597732544,0.029066942632198334
96642.0,9.80937671661377,-0.5216353535652161,-0.17587246000766754,0.029066942632198334
96740.0,9.680164337158203,-0.6975077986717224,-0.1136590763926506,0.029066942632198334
96841.0,9.6795654296875,-0.6927221417427063,-0.05144568532705307,0.029066942632198334
96939.0,9.784850120544434,-0.6544370055198669,-0.06520441919565201,0.029066942632198334
97038.0,9.756733894348145,-0.6592226624488831,-0.10408778488636017,0.029066942632198334
97137.0,9.756733894348145,-0.6358926296234131,-0.09930214285850525,0.029066942632198334
97236.0,9.732806205749512,-0.6454638838768005,-0.10887342691421509,0.023561211302876472
97334.0,9.82373332977295,-0.6358926296234131,-0.12263216078281403,0.023561211302876472
97434.0,9.780662536621094,-0.6071787476539612,-0.10887342691421509,0.023561211302876472
97532.0,9.78544807434082,-0.6502495408058167,-0.1902294009923935,0.023561211302876472
97632.0,9.775876998901367,-0.6885347366333008,-0.14656038582324982,0.023561211302876472
97733.0,9.760921478271484,-0.6592226624488831,-0.061016976833343506,0.023561211302876472
97833.0,9.718449592590332,-0.7262216806411743,-0.1704886108636856,0.023561211302876472
97931.0,9.77527904510498,-0.6640082597732544,-0.05563312768936157,0.023561211302876472
98031.0,9.737591743469238,-0.6454638838768005,-0.18065811693668365,0.023561211302876472
98129.0,9.751948356628418,-0.6454638838768005,-0.12323036789894104,0.023561211302876472
98228.0,9.751350402832031,-0.7166503667831421,-0.1178465187549591,0.01844206266105175
98327.0,9.77527904510498,-0.7022934556007385,-0.1178465187549591,0.01844206266105175
98426.0,9.756733894348145,-0.6879364848136902,-0.10887342691421509,0.01844206266105175
98524.0,9.765707015991211,-0.6927221417427063,-0.046061836183071136,0.01844206266105175
98623.0,9.81356430053711,-0.6735795736312866,-0.06520441919565201,0.01844206266105175
98722.0,9.751948356628418,-0.6544370055198669,-0.09930214285850525,0.01844206266105175
98820.0,9.736993789672852,-0.6783652305603027,-0.07058826833963394,0.01844206266105175
98920.0,9.77527904510498,-0.6879364848136902,-0.026919255033135414,0.01844206266105175
99018.0,9.775876998901367,-0.6406782865524292,-0.08973085135221481,0.01844206266105175
99117.0,9.794421195983887,-0.6352944374084473,-0.06041877344250679,0.01844206266105175
99216.0,9.780662536621094,-0.6406782865524292,-0.1178465187549591,0.014702665619552135
99316.0,9.795019149780273,-0.6502495408058167,-0.11306086927652359,0.014702665619552135
99417.0,9.78544807434082,-0.6885347366333008,-0.13220344483852386,0.014702665619552135
99518.0,9.795019149780273,-0.6550351977348328,-0.11306086927652359,0.014702665619552135
99616.0,9.766305923461914,-0.631106972694397,-0.14715859293937683,0.014702665619552135
99715.0,9.7998046875,-0.6550351977348328,-0.18484555184841156,0.014702665619552135
99815.0,9.80937671661377,-0.6741777658462524,-0.24287149310112,0.014702665619552135
99914.0,9.795019149780273,-0.6508477330207825,-0.25244277715682983,0.014702665619552135
100015.0,9.797411918640137,-0.6011967062950134,-1.1383854150772095,0.014702665619552135
100115.0,10.133604049682617,-0.6915257573127747,-5.995815277099609,0.014702665619552135
100216.0,10.080363273620605,-0.6281159520149231,-5.646463394165039,0.01196963433176279
100317.0,10.159924507141113,-0.6831508874893188,-5.109872817993164,0.01196963433176279
100418.0,10.177870750427246,-0.6765705943107605,-4.549354076385498,0.01196963433176279
100516.0,9.630513191223145,-0.5736792087554932,4.984249591827393,0.01196963433176279
100614.0,9.752547264099121,-0.6035895347595215,-0.4492524564266205,0.01196963433176279
100713.0,9.738189697265625,-0.6370890140533447,-0.4540380835533142,0.01196963433176279
100811.0,9.786046028137207,-0.6323033571243286,-0.47258245944976807,0.01196963433176279
100909.0,9.723833084106445,-0.5796613097190857,-0.44446679949760437,0.01196963433176279
101007.0,9.723833084106445,-0.5892325639724731,-0.4875376224517822,0.01196963433176279
101108.0,9.762118339538574,-0.5557330846786499,-0.41575294733047485,0.01196963433176279
101209.0,9.80518913269043,-0.5988038778305054,-0.4007977843284607,0.00985005870461464
101307.0,9.78126049041748,-0.6275177597999573,-0.4295116662979126,0.00985005870461464
101405.0,9.757332801818848,-0.5892325639724731,-0.4588237404823303,0.00985005870461464
101504.0,9.757332801818848,-0.6035895347595215,-0.41575294733047485,0.00985005870461464
101606.0,9.800403594970703,-0.5605186820030212,-0.4253242313861847,0.00985005870461464
101704.0,9.752547264099121,-0.5318048596382141,-0.4163511395454407,0.00985005870461464
101804.0,9.742975234985352,-0.5605186820030212,-0.41096729040145874,0.00985005870461464
101902.0,9.771689414978027,-0.6035895347595215,-0.372682124376297,0.00985005870461464
102000.0,9.7669038772583,-0.6269195079803467,-0.3577269911766052,0.00985005870461464
102098.0,9.723833084106445,-0.5605186820030212,-0.33439695835113525,0.00985005870461464
102197.0,9.742975234985352,-0.5748756527900696,-0.35832518339157104,0.00827255193144083
102298.0,9.79083251953125,-0.5892325639724731,-0.4007977843284607,0.00827255193144083
102399.0,9.776474952697754,-0.5653043389320374,-0.372682124376297,0.00827255193144083
102499.0,9.752547264099121,-0.5892325639724731,-0.43968117237091064,0.00827255193144083
102600.0,9.771689414978027,-0.5892325639724731,-0.41096729040145874,0.00827255193144083
102701.0,9.80518913269043,-0.6370890140533447,-0.4486542344093323,0.00827255193144083
102802.0,9.771689414978027,-0.6131607890129089,-0.4342973232269287,0.00827255193144083
102903.0,9.728618621826172,-0.5940182209014893,-0.4731806814670563,0.00827255193144083
103001.0,9.78126049041748,-0.6849454641342163,-0.4582255482673645,0.00827255193144083
103101.0,9.752547264099121,-0.6131607890129089,-0.4061816334724426,0.00827255193144083
103199.0,9.7669038772583,-0.617946445941925,-0.41575294733047485,0.006990054156631231
103298.0,9.742975234985352,-0.6227321028709412,-0.41515472531318665,0.006990054156631231
103397.0,9.709476470947266,-0.6275177597999573,-0.4013960063457489,0.006990054156631231
103497.0,9.742975234985352,-0.6460621356964111,-0.3720839321613312,0.006990054156631231
103596.0,9.776474952697754,-0.6370890140533447,-0.43908295035362244,0.006990054156631231
103696.0,9.757332801818848,-0.6131607890129089,-0.4103690981864929,0.006990054156631231
103795.0,9.786046028137207,-0.6370890140533447,-0.4103690981864929,0.006990054156631231
103894.0,9.723833084106445,-0.5934200286865234,-0.3535395562648773,0.006990054156631231
103993.0,9.742975234985352,-0.5742774605751038,-0.30568310618400574,0.006990054156631231
104092.0,9.757332801818848,-0.6508477330207825,-0.3481557071208954,0.006990054156631231
104191.0,9.776474952697754,-0.6029912829399109,-0.3433700501918793,0.0062387497164309025
104291.0,9.776474952697754,-0.6035895347595215,-0.3720839321613312,0.0062387497164309025
104389.0,9.742975234985352,-0.6029912829399109,-0.32961133122444153,0.0062387497164309025
104487.0,9.79083251953125,-0.5838487148284912,-0.30987054109573364,0.0062387497164309025
104586.0,9.751948356628418,-0.5694918036460876,-0.22851456701755524,0.0062387497164309025
104687.0,9.780662536621094,-0.6173482537269592,-0.2476571500301361,0.0062387497164309025